time_period,location,sample_0,sample_1,sample_2,sample_3,sample_4,sample_5,sample_6,sample_7,sample_8,sample_9,sample_10,sample_11,sample_12,sample_13,sample_14,sample_15,sample_16,sample_17,sample_18,sample_19,sample_20,sample_21,sample_22,sample_23,sample_24,sample_25,sample_26,sample_27,sample_28,sample_29,sample_30,sample_31,sample_32,sample_33,sample_34,sample_35,sample_36,sample_37,sample_38,sample_39,sample_40,sample_41,sample_42,sample_43,sample_44,sample_45,sample_46,sample_47,sample_48,sample_49,sample_50,sample_51,sample_52,sample_53,sample_54,sample_55,sample_56,sample_57,sample_58,sample_59,sample_60,sample_61,sample_62,sample_63,sample_64,sample_65,sample_66,sample_67,sample_68,sample_69,sample_70,sample_71,sample_72,sample_73,sample_74,sample_75,sample_76,sample_77,sample_78,sample_79,sample_80,sample_81,sample_82,sample_83,sample_84,sample_85,sample_86,sample_87,sample_88,sample_89,sample_90,sample_91,sample_92,sample_93,sample_94,sample_95,sample_96,sample_97,sample_98,sample_99
2025-W27,Hamahamet-Mboinkou,108.78636081961304,70.35240558547896,97.0759217161748,91.90881795612302,84.32791516813167,87.51666714139213,105.5291342731008,125.25658705361603,55.9873517384579,71.53725022302626,79.68590818588908,99.37439631789229,77.58173386140756,55.5078513147653,52.70036332894362,86.62103663082111,84.60571621201396,36.192847394108185,35.45163340329477,63.39251947341147,0.0,66.96337854380748,105.0980410892409,89.91305610200862,51.82754374732745,109.84528467405298,144.64748773223369,154.05437628043575,78.35374266100882,91.31181938002435,62.741847275405654,71.98021937982021,79.10430548436283,96.11966826409108,22.567926748234264,85.6389241907876,35.72389141876232,78.92749234198516,97.95544286902532,87.86437600854988,97.64957794515887,76.37473498220992,49.10833058031216,87.9066012183559,50.27668671697957,114.50560542235094,92.30821898416225,19.94546052116079,66.69767200380657,55.37982638004313,37.872897390599675,66.75002432724362,126.78368377685547,96.80453383008776,85.96280479646096,96.79279222964026,96.82801467795485,74.66152151628764,54.59071188179017,88.35839487447402,81.966877872463,62.28145627900149,43.81553181600336,85.77667919333167,51.02035497544306,103.85223876607839,49.7412680257595,45.63960909633238,94.67701891700492,47.766668356716345,48.341897716978075,78.80247911518119,96.57740257871758,48.509604931839384,53.370425916016636,88.91680321450865,124.87793252248879,74.55732518344438,47.55886460003258,32.25505065917969,49.06782332362571,46.466925467946965,82.79438989069017,45.55514335811828,74.58946743542378,83.65326718678683,76.33560096474199,48.52942346865667,92.18872554864197,84.27688215536816,84.97772576532104,46.39715102894795,45.730504356779164,101.7925753456344,63.60183186149867,51.56063673095846,73.31287557199568,82.0291038965611,115.14782688563899,51.35773425100767
2025-W28,Hamahamet-Mboinkou,30.258944326621346,82.02598689961738,88.87181918217199,35.364291507474974,19.160225486561842,152.82468380033265,45.19941475157765,91.08642146871873,82.34987257724721,149.20556856605276,15.618600858447387,132.45395339862392,63.4862959541583,4.063010619564892,106.82982527659738,100.81301772664938,79.52726467468096,51.6418909834939,45.3046496361858,85.48231949581849,30.711171422863636,10.244146005045224,62.178633300699886,45.690977063182174,94.00264521470612,69.24646147793372,116.08613474572874,81.55217681802631,88.28329642268477,41.326917968187374,36.99488132438456,67.60555129648856,115.35435067848752,78.47817570336096,77.45682938632586,59.87816586066994,109.84789792127249,15.329970595509216,183.94918012760047,50.269346738875896,79.5585626518695,61.63127859218483,35.47738733295698,31.846920768249348,87.70843188262397,69.18924187664857,75.19322306790022,24.174926994120213,65.05719992613464,95.51598820988579,102.64192277051144,35.9129638671875,68.39020101471519,76.43535197475686,57.505010456142,58.25507215225257,65.48606154280613,122.02955080707054,71.38078224621059,104.7167431314507,90.32044348605312,65.9704782937913,87.41434677295742,35.9129638671875,57.5757128368312,92.80580542362733,89.20177379265164,59.46283484704631,66.76110888721936,71.86511250760292,94.52192030014164,71.7238595339985,65.48568574494568,64.73080586484741,65.54681810341405,81.09599073063073,94.51483396163535,65.88339954525803,59.75900181395215,59.54120087978142,86.22947654430568,92.1307380284302,57.49152318696251,54.71369295184174,71.30264999275627,58.37104612213227,92.55920219713771,61.26253549595277,58.33144036498249,101.67256521590939,58.70420714475503,60.727935844202406,58.499091738421924,57.71391372488387,35.9129638671875,50.2386712470331,58.86098666746719,49.28969650118968,71.14288562510382,84.65750698757591
2025-W29,Hamahamet-Mboinkou,42.45390011503109,66.72465382708029,78.26440595529556,51.79596653378184,109.87664501809645,154.25633072572026,103.49517037306742,82.38098587014167,109.40172869512242,93.62214275831738,110.29778442077762,61.12821760340524,154.40237256517116,50.49388828727822,101.40068970316615,73.3888450168258,24.849854400322158,68.17673637752566,26.694463920950888,127.03471676950304,82.35318348393338,110.92751056919428,43.29507241310467,52.06485664787702,93.05303468579237,120.28857995756726,125.56598721311718,49.90336830098465,76.35650102071111,7.769556843840817,15.42729133505371,46.609392817957925,64.19057578015216,108.32984453102537,122.60222649605814,36.451431247047445,91.06415844459383,83.53591152602286,140.57798560669923,108.8217516814727,68.90562414573861,14.745559319365668,76.58473431673062,130.62515226412185,110.89918216452435,82.65051198085614,63.44764894838514,33.26741765332301,93.10342496713119,110.2543210784329,68.85180713605386,64.07067594915058,75.25658605376019,102.10435113453009,101.45889770401622,46.28693982226949,60.99424712383411,62.84156964071035,62.84216056174303,78.56290256321486,69.75241112605148,49.2085746157205,67.59017726258817,76.41619957342702,57.42151932980324,99.36032814914813,50.57749090146558,103.00700143341696,57.38956456858775,100.56158864339771,102.34856732488848,113.07748413085938,96.32963244515015,94.73291134951391,83.52851670286967,94.69883699359364,57.76254987983986,77.15895485441435,75.84141548768582,102.06932940831673,71.20371760521847,68.5119328919195,83.28386687470658,62.94538546623357,57.81574527288099,72.73575256408512,69.7773593430172,62.8413745041205,66.97564275085948,66.86291765811647,64.19200647763984,68.17929515291776,88.06764271079545,63.73279544449651,106.63386481783101,102.75495269301092,73.04394507025933,64.20305692638544,77.12076211657553,101.15359075372844
2025-W30,Hamahamet-Mboinkou,71.0230946524068,109.20738414068438,67.3367281318382,84.05715402640965,96.77701792467465,103.49395650888749,84.0888756898392,93.00839115724447,97.08331849687822,34.81709833240273,66.51204394992797,49.136012839747536,135.49853376211775,133.4258567904106,44.49878115145298,107.3775879454127,94.82991028644201,80.02346576928075,105.17503790575037,115.7129650035099,70.85425821485592,91.18926237494206,86.43314851705739,23.302887276303792,114.13308947535035,64.30447943916982,79.82034098119959,159.8970565893459,68.67894185738484,62.51800324079883,38.564137035994236,73.37507860209595,105.30352809194548,89.32293117877575,145.0658291139194,80.7918690565115,57.278619696166444,90.5028921647819,145.99596175994952,69.69129533065893,105.80070571793956,79.08007144693134,75.87255191808883,59.01354241629319,170.8983512052579,35.65389110291379,42.943092652836164,73.08510804444124,117.30241279048357,150.255145966045,86.72941345882522,98.22313136864031,77.65170335017453,84.71949445114144,65.34318364987654,95.48367693073075,61.662893237760706,87.53809849503133,100.21127877295568,59.83754297039786,83.11454415525083,56.06241305534017,93.51629377966643,54.8280522878309,104.77728830250074,60.3538978770449,112.66319732377282,98.04343564919294,82.36978709032115,97.10797888025567,97.74787462373394,108.24483801216519,62.103696235022525,82.2400301340377,56.05699356410056,83.17880750932935,61.35156123485163,80.54364064475511,81.22967161858952,74.94841725929318,76.82026589044251,96.56426718610935,97.95944673607596,74.95382914980837,82.5824955959984,104.15118156814339,58.63362013112619,58.377634959492205,55.202439254484844,87.26852768053448,74.38828524591686,96.76958958913363,87.39492034184188,68.4120935803088,100.64228194169243,96.53679530451556,63.17679110935447,71.23958298286361,67.586764758545,61.162629274492375
2025-W31,Hamahamet-Mboinkou,40.903822446027256,112.82208504449663,161.72389715845338,58.536689456981776,138.46347436808134,48.13932474160425,75.42285586742436,112.54177703076827,119.68107449907075,49.3908370827304,80.36822284630128,76.22870237694212,65.8825934513967,84.12087112044549,36.07749402896503,78.94741487645989,66.24368618116875,58.77241428974571,50.17673229888179,97.03494771193016,51.00448583758019,140.81495034662814,62.65412337841933,79.28887532569824,92.36753829174884,53.73887649806187,35.23769795682225,98.75795479083729,60.49431037530309,95.6376207149375,81.70638569686082,33.55637695810935,51.98539367226399,132.0069065081378,50.20964467258345,70.39077300476279,92.3044640177477,105.42473924643369,91.7560880016482,71.76951243849213,59.25425890340627,53.55668701563176,86.8190646712882,0.0,67.34445013784205,41.80722312053167,37.394370479615155,112.95864666120733,85.33503465619467,72.87673370312413,62.35699785310948,105.06207478573495,70.98451448288299,69.81952655977996,94.33807683370476,76.84683818659609,105.06630883340345,97.16532831324629,71.92949600723632,69.59777054693657,118.20446014404297,92.97600179467936,110.15613145278276,61.538400520389665,101.49044715268991,78.69798236245366,61.62691545901614,77.73270689277669,87.34003019505971,36.246734619140625,71.15883861342336,99.39456971668947,68.20511360144043,71.20376461373043,71.03135185412502,68.36580621692615,104.15376981050483,97.20629705112835,61.335560825925626,118.20446014404297,102.71908123757359,67.92497926918006,100.353282429219,61.22838765057806,118.20446014404297,81.52143731848442,79.14480468210239,60.919508141345595,103.3113012893179,38.6919046553395,66.85879917399015,62.16935745055282,97.01813636501866,64.80936011797053,103.846679355678,79.35515325901214,43.07126352410367,36.246734619140625,52.5445437665974,77.92850691266402
2025-W32,Hamahamet-Mboinkou,82.73643807576337,65.46080434436493,85.05638842066315,28.54789784249253,126.36594527781853,104.08330908657831,94.76616367422243,100.44873655764005,97.19305491654954,111.04471938630161,63.45675994962198,105.60903758863364,7.270057853905172,17.772657753203724,59.30346381928481,72.71418407545679,59.00442907234884,64.04523934781383,89.0222754913406,84.28268507177619,75.03049208399989,93.17908384062447,89.30853755217711,96.97183163059798,52.20425241163197,45.86065638026575,21.871893439831588,95.23476978838693,54.732227835987715,70.58556633588873,47.19846670389005,66.35948604025498,85.43634354089983,113.40350384868182,96.41368221282929,83.42906784816219,28.30613612659188,74.90739390775512,91.18163375694726,73.71564181471557,12.514870769747652,68.47127629193886,51.329835861101046,24.769634584521953,78.82560971876515,66.38755018641646,83.92358430476185,106.00063055747185,73.22812208784622,27.95292034069061,85.48718380942765,53.64666327224292,90.95167898923086,40.66109231254744,85.42259942152208,100.93095671366252,82.0806490178657,79.28201846808327,89.70519472529381,34.73886319812648,51.971580755362595,48.35282258089154,72.3226312359964,80.1094943098825,78.46359630321793,91.13952014997045,49.3992084049997,79.52721504623564,51.47059191911252,54.63433010007611,79.36117876510048,119.56452941894531,77.56117193315852,39.71397853403925,78.05279021769675,35.50139164894203,93.06000208722344,79.35898603977152,50.364342273520506,46.411673712489055,50.92560389880186,119.56452941894531,70.4369101518859,83.31746010201422,78.5538922554688,74.12282570195508,48.85601716687025,107.19872239355144,55.66192634378161,74.2042975887995,79.29313727065482,78.73493331880263,104.88135886500939,49.03426994302409,72.4668682992459,66.11843652731432,71.04511624637601,48.22284489782888,48.56172274254214,54.88016909147827
2025-W33,Hamahamet-Mboinkou,60.566231580143786,54.57251290890078,60.53419238413515,1.9202066488537781,93.49824968847608,161.43938339001954,93.13307721793754,67.48589768907149,121.11624798741128,5.682272545403123,59.46346974960646,51.78075061573044,71.86904140777999,65.39746680853214,45.05680592762933,38.58929510201747,64.75254059852861,87.59073896301163,65.67288469359859,119.16485729106856,92.93451824252051,110.79569510290851,42.56210205081593,62.024952000201495,10.491474331790577,68.27784823604267,52.648780346526515,84.05599235793527,21.59033560159773,37.37526435446331,40.366215183575065,40.6577420252043,36.77178650900267,121.3578966948851,88.42474951395994,100.2324518850055,80.04875054612359,45.03109495656949,119.84272526339005,35.49250483997612,0.0,45.93281714317311,52.76060875803249,26.624943783744,0.20507675703467498,86.56154132108799,52.12258798786811,16.262534673089377,62.66247441210288,90.11291467235733,61.12597195006117,65.10107016040935,70.95082804288012,71.461823839081,64.79760355834497,64.74470637685727,55.28165041010087,70.27090493903931,61.86052706732093,36.90429361355138,64.91271975273685,67.015832983522,55.65503063016965,69.9377084360725,69.87869189495147,76.85287562132221,71.69526015173135,71.7738571801997,61.81129836467287,83.6966984395954,69.73192346345554,65.1735781710901,71.31080794008987,63.776309433365796,69.45392371773623,77.52803417660715,93.46429091174035,99.30136755319371,69.38824679933434,69.50827418633276,85.37898968303654,61.70629460890493,88.90593029490714,68.83068222394152,46.16861917070953,43.59652081472437,89.18531221305734,41.17562971584132,60.69312925093842,62.87808497388654,53.188342989563665,61.6731093399141,78.16705493625965,34.48271942138672,88.28734729192993,90.08291807854899,64.05095319811942,49.56794755005524,70.6466446528767,46.38161554372201
2025-W34,Hamahamet-Mboinkou,67.06396710928448,74.0976593437167,45.54603445952439,55.5726639635794,69.0783433805243,95.84859106508642,72.66437475044822,122.40696428531241,65.91688280187908,25.735585890502747,63.57553791415099,68.53726114341725,81.09205118653384,95.62329234443595,40.08861183730232,52.254878441255585,83.03547982783485,3.8406913439273396,51.91769838371757,53.3725376014477,57.34093830308224,34.69527385034567,63.431527903036255,91.24022778653759,65.61347573671202,50.92310182770853,24.954084486615557,122.39928616374037,56.06299068115254,30.629199175214715,33.13988246871921,71.27553155326805,46.220150115690274,96.52550964876099,100.0410003885344,102.51679376717802,64.20740583127967,34.21180686389008,77.23100362693225,39.26956872734763,65.25994657339882,23.838831489199464,83.69833891902192,45.115230223700905,77.59209728283075,49.863266712775285,14.99306749761601,99.9936810295265,52.434219096455934,81.99676007631453,53.29753640972469,116.71640014975853,126.78368377685547,79.38105165077594,51.6639800996592,74.02743544765227,75.5721076528997,54.897259362858016,68.64377125337651,30.185609817504883,47.604268164412844,64.09653326106437,46.211884198187,46.28165078015726,86.64947507977976,126.78368377685547,64.73533299063763,86.71693119251168,126.78368377685547,45.28621982693461,62.10040313589419,55.491567847292934,39.37950048035691,78.5701029457889,60.486174897690525,63.51523869600407,45.78859332181984,46.76777840240246,97.98286460955953,34.40852187303343,48.66907776680835,51.28588381331674,63.64816532783381,65.3766348915543,63.667861292531356,39.5600577960322,49.38327582534032,86.82715263613218,68.19160302322096,69.77564157467314,72.24544125932319,78.93620088259578,37.30116651251332,53.37734845135833,64.31865152929446,52.14285718642795,86.848873912712,63.59960085610085,79.21294668623021,87.03271178985204
2025-W35,Hamahamet-Mboinkou,35.87302032614808,18.940350575300585,95.15972433192232,118.55263070358552,105.82208025321486,108.05817246272571,66.66549185644028,137.81329945795483,53.560774411201514,55.02495484588886,48.75757453931043,55.615428137193845,63.33121240020975,146.27508934476862,30.416611328739727,69.29068833292793,35.422565624553826,0.0,40.78384052845512,124.80825723998973,80.41292446151515,106.04913098068559,27.349382980333786,144.19427201673258,58.15586746553511,133.42707668289233,89.05698923122021,53.28164964786299,91.02739043948604,78.84124842541547,57.857671998420194,96.16960100343036,54.81562106522524,144.38674750135056,67.3321909255953,129.14233081897672,9.36739870521302,71.92285988725351,55.205310030888235,67.7433354433026,38.7725988501452,73.63079600924279,76.17636543137566,53.857528671859576,71.38858904196026,102.17836944840818,79.7871800762803,79.3644252971269,48.11993715884779,0.0,70.22246018652831,98.48461939868837,71.7631548136768,93.57169944850094,65.27247766271103,69.99652425749612,71.25028762445358,57.25904079155676,66.52572744797271,99.8208367127226,73.0707794462009,61.76217501689085,65.25498281141564,62.67521339654413,35.63559341430664,101.5582159131736,68.47172086821318,64.93919141397328,71.90314405752527,35.63559341430664,64.67634247051966,78.16965981521263,73.2938896676516,126.78368377685547,72.27522239181741,69.25924708799265,80.82360879327067,97.4163270986721,78.94844736219362,119.6776755130082,82.03360488485403,95.32829155004829,57.66415154406694,79.46510676572275,68.34118478513821,71.59971947781285,74.83818532972909,123.6583531972457,126.78368377685547,64.76452031583997,79.52419081993696,80.28101070528632,65.2922264063601,58.09773741859155,43.22618381131579,81.59005512026793,69.68110550882926,126.78368377685547,68.82567623533242,126.78368377685547
2025-W36,Hamahamet-Mboinkou,72.42198784946183,82.23398958496018,60.22573085053051,78.66223437760272,48.670638429376865,80.36533491368188,79.44243443185809,50.62311891576729,61.87910259493128,85.14209984759589,24.84235683364753,76.43870149900098,98.2369700296808,104.10450970605646,22.27360859247733,84.97816783464864,67.74852999387154,26.77690610034101,80.22405038612783,100.77461597189773,83.93504353495396,26.730577943828052,77.67369479056265,103.57232819982053,49.474083533465105,87.50590825845578,54.71563159849246,142.71679764254685,48.776861670053755,107.66316597209189,77.03081977448336,90.50440460324876,89.41381334986198,140.1658064252998,48.49280849520826,80.89338468646392,43.91323392189526,63.5771354524699,35.968112375101065,96.92630571839675,87.64880112407482,72.37391321117126,128.68480453465764,12.02945379651296,81.21968776319616,74.83545483529672,150.28744956130117,53.75820245255903,117.82031233211181,11.983680968921163,62.55771165383187,80.65306141598167,53.22103287645334,70.29271730982232,81.27612821017549,98.18931946724615,83.72518675913533,40.48954029656381,61.82685941235476,45.833674554784274,53.43506215335918,72.94529482133382,75.09515617274563,79.17227855087512,92.0741879355984,76.66088792567842,81.18775904057082,45.954538782910014,56.292960466166065,70.98400843638058,91.60067584326484,35.03468322753906,69.67298856802067,73.05472167310467,37.134146631048196,62.49768735700372,94.02335329780496,72.7413894720557,56.446072504125574,90.68058199120354,60.23147296565571,90.81038028521787,59.00585982087706,70.88603451276865,62.471755347189244,58.1177477747647,93.43706524812825,54.48216288379477,53.2209763587494,59.836716173206995,75.35254832198805,81.67564447793187,126.78368377685547,58.910798549050746,62.53636900511649,53.82088539828668,70.77548990305274,126.78368377685547,74.36796467587497,70.88766874982711
2025-W37,Hamahamet-Mboinkou,13.781895438673743,33.82314816160464,42.81310417529423,49.73170948599288,21.891084745936183,76.89948354283996,112.35213785328114,97.49269519617533,45.100759081046625,74.20253919229016,121.78690154528113,81.39098559544506,0.0,113.28485440293315,43.09420037302415,145.78934561018409,55.94515011483177,23.75060450638985,111.28735163824197,116.45579827638205,58.400933776689186,23.23501003227686,71.31262265045007,19.857065941934977,61.10808706508095,64.82353586911007,122.45276130929375,64.66087007148597,88.4890435325085,26.039128472326887,24.614863349523034,48.372444737285754,41.234368253639246,21.951685237635743,74.27037636502666,41.376765937029774,61.95373002348083,59.32012808723148,49.917159656311256,77.48066577219474,42.99818232161267,83.78534855115623,103.04015378240508,35.72797791272107,102.1721244008851,30.29763540292804,123.57225663461446,49.31781418035645,119.85004962047627,31.60069553545332,61.97449013880373,99.79373934734758,66.60611032213731,52.34996343994554,59.54446481846082,51.075615380465315,53.10494307193651,35.03468322753906,66.08717869055428,70.93550246698956,58.23005347505867,65.71684941258943,116.19421100551168,77.58323725102393,67.10933845762453,55.52592602758414,99.38906031721048,53.497375547191616,57.4656907889167,99.6558990855879,66.92235182619494,77.20449408014375,69.9718531020945,71.85355854926605,56.362295257376346,53.67748611091922,57.34911758535362,52.77533944874146,91.07425437875065,55.45301248514664,68.60723624550266,80.31766629668579,79.36092684381329,65.94488095022457,66.35098442031894,126.78368377685547,73.4654658256543,82.97812274796783,99.51193623654548,79.80297345319555,53.070589336570634,68.65670014612327,51.3557670687683,71.82844017848949,113.60574756794358,66.76407128042553,65.89315647578933,39.42294113152051,116.5732748679762,51.364709715433364
2025-W38,Hamahamet-Mboinkou,64.73152702490029,0.0,22.10527423175766,5.55851122066251,55.724355947340925,57.4137566917312,103.3483561657119,104.75852313464551,16.77173960259926,110.49922722286453,109.86621770160325,51.3758237270835,69.89947773804677,79.04733978694557,0.0,73.45364973224437,61.10687015198177,102.38020693998962,83.98489711229153,167.25981826504415,66.23365725300613,32.253409825073284,118.51594054812405,25.44716723922172,72.41986982035871,42.07316060555114,79.03277098898761,20.504587703560148,60.02901392137116,19.06805659185018,27.819084547492523,0.0,33.561339886877356,83.09688792789375,57.27933472631524,38.43225341881524,148.3431939574991,0.0,96.72941348788478,11.299951620013019,69.13083902139134,42.605558751125635,73.786987732774,31.416041461984598,56.03330971799287,46.25232311204233,104.8254933617344,33.946647586246144,45.04469093256963,7.761870843400217,42.789537027303346,57.704359264107495,53.7379810645196,67.98231027552258,69.409799741128,60.23959168049229,47.37312515624597,55.787724645641106,64.52670490987346,51.811329592674326,73.00377695953046,57.2888478945852,60.03961666013161,64.84779425810194,65.59813487826845,35.331077575683594,55.79931861348269,86.58090184612476,35.331077575683594,69.35834697078995,69.04636853837155,60.62974923892299,66.4256872663384,79.87122913347667,84.57315355560225,57.896918699691014,60.428176504932466,57.65604041523912,68.80864272102102,71.9756358717312,57.46418146608062,60.58491658067794,98.78870182639545,46.26394482722314,68.33771485890033,74.35966369920712,56.674615737799606,45.70950612366098,56.44401347388336,97.90262483228554,35.331077575683594,57.16723416967149,38.245752259269025,55.76377459140122,69.98312695500508,57.64466174203007,69.59123047587927,69.70442600200342,84.64124979046566,35.331077575683594
2025-W39,Hamahamet-Mboinkou,60.190684073679066,57.60245344414873,101.23922695800036,42.1576718455551,52.44279873777019,76.81764592113821,63.85454475186712,60.660613404643456,9.602665468065837,146.7712228835219,39.68711939826396,42.23054327527474,105.33568197736483,89.73965987880473,0.0,115.99013859108817,73.94888274296761,81.08147088989037,29.31002154654314,76.90246003325642,83.40053223640676,131.6490592107217,29.993438179498327,87.74158868162199,89.32072462192471,49.86649771141867,27.038717750117996,114.65818034813479,22.882444992388407,101.64435346620193,31.13950829770902,36.91800843644894,51.830109535832115,97.77183027546772,125.73108771398634,109.97506723882415,106.3471667607691,26.930528893351344,125.58691916438579,74.43524923785864,33.79929362890628,77.4719157765825,90.08364356507934,17.846902943065025,83.22132745930882,69.37464685021766,49.91073093733467,2.8292015385421365,8.969703311867747,85.88403552448958,88.95139103576703,70.96105421570678,55.63307221784851,78.8024063440281,89.14084423826971,57.471835252658,96.33028175997448,67.5451076461297,70.84296097065543,125.17607879638672,60.73012735906539,85.08374748892247,59.14839504134662,82.73409913693274,70.82263623342097,56.917718105792254,64.10100282420095,59.125332859973824,54.35638435581545,38.545595621925635,60.06407958598539,36.3751335144043,55.66250894078043,76.35866295661006,75.37662027463968,77.11925805028635,59.11075932287688,92.75195488310933,70.77048706097328,55.13111067302127,55.42880923206237,74.35546200873533,55.74248844466541,69.4703252936478,125.17607879638672,36.3751335144043,36.3751335144043,125.17607879638672,70.70105137738108,55.14597907382675,93.55189254833908,91.7405270975886,69.57195396699312,70.97786744343117,57.85717550505086,47.8316315130067,70.77605493715171,58.45308148340481,71.68652589513003,87.42258608152787
2025-W40,Hamahamet-Mboinkou,54.824421100301976,87.3302588669113,87.24636546316793,31.330371034151305,136.94768222209171,89.95267258286347,108.7899684993933,109.65564632456834,74.24782423941295,78.0612906363187,65.13643889553785,115.62990115317223,50.08433023835412,82.77914413864178,1.9015500855969663,144.18464319399195,96.87419778272235,104.55229080607589,111.36089521292773,110.60781153586765,77.32031834994054,134.04099078438793,20.93082280064509,92.94740300718989,58.660490170422165,91.11357299299861,57.03840908599156,85.85264069151357,80.9896297460652,132.70026584715907,67.04539907082858,84.80865967435363,76.21805435266651,102.84522928515527,59.32305145277819,60.08031633260853,111.69666687427676,47.366023038370756,59.84688255190902,71.43541406554681,69.63359842409542,126.98403653960565,34.67735580036866,99.14556823308654,92.7120734619094,99.79393006889092,70.61994094199736,27.72561515076326,84.82423470005699,94.84850589349358,35.43414306640625,76.4179421321277,60.87056295998674,91.64727296128682,60.89650295295211,76.8104146424672,74.8308946562233,67.9445308391679,77.77374664943673,80.37496017762801,75.43509262033332,82.61611499114446,125.17607879638672,68.88361131572177,73.43677342563775,35.43414306640625,85.38439468753467,73.60948941313609,68.4239060029458,54.30472361579402,93.55485662064336,67.89741564245834,77.81694232126974,58.87213275436031,116.28538720679107,59.62127704071852,60.2033134921746,89.84400763317105,96.29487011942153,60.557918525681195,70.3709617283767,81.04741422482579,92.18892335096356,67.223027945313,73.51129266435194,81.64192041058675,80.84207892243694,84.22548535499618,75.57021221733247,54.693490575862896,95.27057207745973,90.64121871253657,85.56786312646582,54.5012148565736,60.33990083783963,81.75178257941965,35.43414306640625,125.17607879638672,67.1229432293634,79.81289518793349
2025-W41,Hamahamet-Mboinkou,61.986618887087076,122.37640873338525,63.85898006231613,52.02306985665068,63.31775715195769,94.32953353378872,81.42423990874443,70.33850022224361,73.72350330768742,28.55308998737135,64.49282049435126,124.1325633365341,82.54614414786131,32.804221046132305,24.039775007433384,67.25986797485666,80.56521320204239,58.76501525673951,137.2494642319089,80.89954302322185,72.34615485567751,76.06723868310982,52.87027115682314,102.10598700927903,124.01384880920435,69.26544592346548,33.13940570679676,49.66494496309889,36.61600508973449,127.77888340227757,99.74162732042122,82.47597654763615,23.23715470547316,110.43547341626262,66.02715192859364,46.60648936371453,92.84808518185105,53.106675213003435,82.3657892702922,46.23075418414946,124.93857188339547,132.11538137191616,82.42850811033036,58.24201999329317,42.62571644230528,79.21222369036512,93.49785514626976,19.904050043875444,53.71877596408339,100.64703864090387,94.1411822000755,73.66861461539722,72.03932399765422,77.0211771513163,76.84694595261654,74.16189874013062,76.97744083564432,99.00771774139213,75.71506076225197,69.76608248489123,73.14435168854149,73.65083794968922,65.53882524709154,67.61025154937748,78.72986592306893,72.48635176100282,111.88892072069473,70.99888455518631,63.204728514802866,85.66155853658935,93.64840052239782,71.40688830378684,69.96423305724525,69.35924710217687,75.8210682676456,75.71736450683478,71.20008273508215,46.51379975050638,75.75616069933243,114.8197644086343,78.08160656677117,75.79774766253936,64.69694665535336,71.11114169055777,71.58609607330126,85.95385804324587,93.3222499000524,95.38746125825132,125.17607879638672,125.17607879638672,110.63351092732792,56.880987385182415,65.8144745173705,71.71708233360306,76.16759117263241,62.750528360354394,90.89625091314116,77.07149727675625,75.89975312962028,67.80804573760079
2025-W42,Hamahamet-Mboinkou,103.59522281759604,122.7489470967619,11.15102324986757,81.88390469669575,18.030542522809533,79.83390682289243,77.12751552363494,17.81596734090774,34.9320645086894,62.76547912302517,68.15061460314168,25.39888740685968,34.0358046299792,23.26953453020107,100.74758953142889,94.59035528999792,50.054392316085554,74.58276255363884,60.77822781695811,157.62177131728146,67.57723000152255,135.36997815767364,26.056232814614745,96.96218034547903,102.6540528313533,82.470285513918,105.13777261230899,54.37861654223222,68.247979566195,79.337181366989,125.10101827654844,49.16350277178544,115.94517193822529,52.54767933434867,67.40688655753404,86.78932795991324,98.09329602782108,64.38430509401236,136.40641719926404,62.656622136388705,99.72003900174622,66.75120316852801,8.994789420788365,45.492414084554824,30.083121657164682,126.98878023925715,80.96932306055758,68.78481860034393,83.71303658517371,103.10313938208964,74.57330784658875,67.94869606256191,95.66537402681408,85.44253269029439,90.24612676339812,75.44183176827376,77.06277672019355,78.10875330413869,90.81368945252991,91.08046036389797,71.31304289077192,110.77156318751238,66.48321258766623,102.62289238622627,65.41542706855586,75.27003106850371,95.37350473457636,69.52438831454427,78.30697654749929,79.51995670047862,73.98026858733151,89.39851420401821,95.63334866745959,98.99266081035596,75.55174522799533,82.45466658615474,74.21368942569173,73.94597062039776,68.026086996179,110.04427314463308,101.25909832513017,91.20079657979689,81.4916029591576,80.1305423751579,82.37399832466303,82.87217240113091,78.96784124203391,66.53361343058135,66.50595536911425,115.89701769765095,80.06533751855562,116.35439985585764,68.21691245689894,83.96087590486287,71.36974023721847,74.56805208953992,39.85580247081331,66.47548398586464,105.37572063988756,75.51500640941094
2025-W43,Hamahamet-Mboinkou,41.289561883257605,146.69733376562573,99.26440510102462,110.6103289179412,69.21876328620512,99.19804318387997,96.49673456594198,71.86054917000246,48.305540445525246,42.632300169599155,156.1213510475086,22.779089050551846,7.176981865473081,51.37575048517523,72.78760101837284,59.952506881015424,36.55303519158945,122.90090387397626,99.13408702040692,75.15658178302864,66.55058434892946,98.69908012345265,92.31544762086419,146.99002274267218,40.40593507095721,42.59899875711177,130.63669623640885,23.878708396983825,174.52635430609348,36.84847319290172,115.4509796656723,7.234779158254767,84.14784778594829,108.50375781563929,104.85883127136566,99.84283169167757,0.0,30.41506773758644,75.01455271994051,81.35517715073566,48.44937202938425,56.6769373801509,63.676291394843005,121.33072128851295,108.6775240353986,91.26422540840156,25.047975841141223,113.60967213421739,15.509593085014941,139.43166535776118,96.7017530245394,89.93582980883568,84.24259495358709,92.70435449165568,72.95259280937631,126.78368377685547,102.21502840888262,100.95807465527524,90.1489806807998,70.16564219254309,107.9646514418302,78.83020783038671,51.40686131609169,78.93518151724003,101.91392526450565,97.26539100554629,101.15400422499332,101.90435107102897,74.58371913506329,108.40894746521634,86.87999716601645,97.54638787879819,41.05474090576172,126.78368377685547,76.64701394510473,56.33679307257659,89.40572800845379,67.96663312103095,70.1199339313429,97.43038940961976,84.0580568384085,108.13376296949345,77.77957160533151,100.4169730854721,89.71302998453528,97.93676355599916,96.30835048227478,90.37803951766716,116.2515274558499,78.97377304202737,72.18845277544578,98.58065854801468,102.92906500843743,47.34424200973383,88.33060213324025,104.32138296922164,101.12809045416842,126.78368377685547,92.69284076118113,97.93833995985773
2025-W44,Hamahamet-Mboinkou,16.871670596208318,121.32105304480896,58.71863799995164,66.55820777435035,95.72615088042419,56.88877477723659,21.557284515410586,52.45629978727547,25.753601412909404,59.43951221669171,59.0905398616917,66.63736411611147,77.57191439903349,96.97987695002766,70.77483527045348,54.24300829151579,106.87288520309187,60.7345934858991,77.56645030432382,77.44300895448625,116.11931377527253,52.047413053268116,78.4003460367905,112.06169045911363,27.164750856905727,138.80875496083647,49.62407446002236,58.468801021691874,77.7608781875717,22.000632261073804,152.6594573682202,73.49025520937764,76.19667697135984,9.317897900167566,66.51235543085849,100.86109356792704,54.98643731242721,120.71864739253185,80.12533445261793,93.9050276479968,106.41286898674633,56.43985115279955,96.8097182886804,111.30805228886655,86.91777267437033,69.78714990991288,29.328032981857916,155.30843315856708,63.35584242738557,131.3150541104605,80.63387225922202,121.38537166802989,85.72262332319981,103.37103656924913,88.82737278465056,98.53673720367462,102.98038630578762,95.68308546358965,113.64363047897977,90.02573859533156,101.64071446004664,83.34126204791234,89.1993571607425,91.08026931820727,67.5286798149452,61.96701261065159,101.89454444479314,101.69252213766337,101.80213014866662,37.65287399291992,82.2541857376551,75.60572293841494,103.69576614672876,106.70397722034927,78.77339114537824,101.90179269807844,67.97602572226477,80.20954891602334,69.14499419599842,80.33309509533713,102.0407586643255,113.94205924229203,75.8480294810669,97.31972183896097,102.58344880960934,123.66688926634218,101.05851420520412,79.43888089544629,101.5082583477692,81.84647890668613,133.0174560546875,88.57050270636854,102.25647311737227,37.65287399291992,88.59907455657913,109.13173221772165,101.0663626679306,91.27086983913502,116.47319157442995,105.85896089524717
2025-W45,Hamahamet-Mboinkou,102.02730425817518,84.5168274919776,115.55758749569094,59.45927973558939,47.56509229361629,51.38490724495752,111.59580903070305,0.0,40.95377524184216,59.76376034077352,46.82990466629129,89.37820851490352,12.164276000039749,77.25626142121276,42.8062015853391,99.23091172362356,63.88475703106903,45.236496498801685,110.73912514403685,97.54255732222813,52.64889684186216,101.7067732869249,105.30486452372362,45.11130401605284,67.33138331240711,114.95671513096127,78.02915224403992,46.443630302720365,67.10941608291516,114.25135079800779,50.17707910990846,107.33362994099926,74.31616894403717,111.77167333107698,170.6510146094015,26.525608115318533,43.3389702614142,92.11765363059106,89.29740273549811,35.994705434382354,60.588092413455215,38.936111608449494,5.289595780123548,95.16762781929751,103.40335311177748,125.15282655830268,29.952823997039644,84.88430950160058,0.0,79.06631509915812,80.22299375387028,95.45450591343752,89.80828448827195,108.84890316035333,81.13441806876618,77.54889182561499,137.4915318007159,138.0152877348931,134.07991110824688,143.849365234375,122.71309399247261,127.15630905923814,126.68724501938595,89.22546061407874,87.91531014223717,77.31614993243431,110.49155949619352,78.66068524206199,78.3446451019658,105.88431688449737,86.37385067911828,76.15866582773972,133.07751302254928,134.77828620292854,72.33753991511784,37.549808502197266,81.28908826259115,131.59411062060232,133.93149132227057,67.65744894689291,129.33971223120014,64.44776035392601,84.09417614786261,143.849365234375,75.22106395372714,70.09440829545836,87.63220926989166,107.21701673720128,138.43729174551294,143.849365234375,55.861322627535685,67.61041311443105,131.05235913268118,78.63170018490253,136.10435141967466,113.03885272320322,63.90025039581525,133.69379966297467,73.75123866695924,87.63805657475513
2025-W46,Hamahamet-Mboinkou,62.64874333473182,41.924231512286525,161.13142654921174,179.23788167306043,92.61224272492282,6.322149034596805,146.12900836215795,123.36781944260558,67.21190865068469,35.52792206023975,88.82010023870893,33.01360599494046,111.89448149577554,135.74780823644642,176.41961624327783,55.424209873709216,26.91946083910439,70.37060980521059,135.16291693300147,97.35535402170152,129.1936257084608,80.08959314858745,64.79509219669302,39.86802891171581,103.68225425440237,55.23511166517072,73.40793073967454,71.76448139066999,50.3276000041523,67.2548069452851,76.68379779029297,105.85378471736155,127.652726499614,124.56837914253026,70.37856943785258,53.9687621720085,45.26656822023476,74.27996099234514,99.7756105521006,71.00345726384856,61.25473307329062,39.72704409589818,44.20216127921762,64.20554172961167,75.36838440165853,95.4119528432632,78.26765496230217,48.630128752826955,73.66209905050671,61.19003256522302,107.26359661611696,102.29065657158705,153.20201129895833,125.30391035890189,224.24954223632812,224.24954223632812,103.77072836238227,62.92710502232219,168.03733943722813,224.24954223632812,84.41849162765149,97.96230244113652,89.52268104606146,51.20311429451155,139.69323684496635,87.54393209390976,189.92460745730324,200.55706664320095,199.77060153631237,88.55843273508772,84.8106805887294,174.1155206547171,194.46254967876797,101.25918058890427,204.26305129012678,70.2643753062883,203.51779987233164,63.09176727462057,71.94643816966922,105.40993921319921,57.840934911351134,51.84610139322524,38.964046478271484,92.227188525762,185.46052349912452,43.52180914309642,125.23939949660584,199.90757607670972,74.47829319550704,70.78123616470135,202.54273366019513,199.90738053339453,105.89109888208503,199.62392182415255,62.47821449812252,88.3454461618615,169.26887452406507,81.27195851921542,175.65796308984096,102.61249415769724
2025-W47,Hamahamet-Mboinkou,113.5502969612269,105.7071898277323,105.25945421443372,123.90069632631491,37.1826536259449,91.61088844710194,109.03017605886916,56.23446327563649,16.1247764013453,57.720310818218934,100.8487307509724,125.75687630036882,49.88651792030722,114.35582872937377,11.441393271386147,59.40588243683301,51.64885360372952,68.43169403930561,119.68772219232454,74.75761655207157,104.64548919114968,145.6552083295472,117.85276895479727,74.66872219792458,170.79806296823662,57.91541063165137,86.87334634377625,95.41509313447797,34.946720319964264,89.86669110593418,85.37569731891617,77.16180227821556,91.91216786169873,125.09821790877561,87.2718201117879,61.15475060725709,48.33953849455855,117.05553254145093,126.18719285300632,125.09164725861982,108.85380537534351,53.976306840702875,94.10740640608422,98.17412635230298,109.66019407691607,144.9446068120567,154.8109127359583,169.01903812198293,121.27275290062578,67.27093815684165,172.88783686804967,85.98470855833303,82.96503671221637,77.91299423299631,77.24831276262765,173.11038901469163,67.29383306042448,61.17193457052095,74.67145395240897,74.53233888213649,182.3521350320111,83.46248680858653,191.85025024414062,69.1994002387456,129.39695604919618,85.1043648730946,83.3397778048579,183.62957010339628,191.85025024414062,183.62705246864806,76.25966220724264,78.01191084592769,131.82049725357135,80.76993932449516,168.03507344229678,91.07775914874016,90.98124240871849,182.55828949944083,145.94999309620266,38.37518378578662,48.850406145023086,93.96699176005934,87.99246467347358,80.29503743090677,83.90492112569584,174.27682348014122,182.48493456577702,91.04541918192841,83.17402639254013,80.53397781029,90.18352524945394,81.51122293508553,91.06328953102356,134.19032172534796,56.151662200416354,37.65287399291992,77.48798192627521,183.65155013073266,122.46403128629414,74.0337792798898
2025-W48,Hamahamet-Mboinkou,91.4002123370708,27.7280893464006,125.78787840333197,114.21353750004562,95.74496519478916,70.12571539148634,64.90893347503827,17.547123404608,114.90945637336226,63.61483687362352,110.72896002256903,106.1090267024133,88.42664677365572,150.097696323678,69.92517740384835,93.97384996456809,84.97543745198178,36.00166356233183,126.60722098747061,97.99505425848648,99.07817117687848,132.14101149411366,63.25051598087236,34.5483178468747,66.15186579999983,24.033877334088217,127.53724075332903,187.36549072617282,40.6626781731393,77.1710711402134,105.07567022069543,73.72635399801428,129.33294984025864,56.572537045745875,58.35034710668926,69.65039567246616,140.99229774819895,159.1023425939076,84.62555356500894,138.71180870497327,89.27413964893971,61.92888882615653,101.18017593416025,143.3209881392387,84.34354057097461,169.4444933158944,99.50238861911954,97.44835768819786,86.58242240313972,95.24285894858085,174.09088983696944,87.01572012187339,87.22191458491683,179.12717355958785,53.723820873128474,77.56599452372122,90.44077372400162,76.20176465826339,119.89484017008968,77.4907583239556,65.1158663750819,76.99838201508734,85.93516867755302,73.93040216773848,67.25331447027659,166.219080939072,80.60733303028839,81.00867856731294,51.83373159825057,80.99886725078399,79.1667154206335,95.70443021803527,76.88789124275394,173.59243541530498,178.5284684276055,65.29343267567192,66.5222122554397,66.73449048256114,97.733408089382,66.91245058841233,165.11210551473383,152.25967458691628,164.70446848935003,88.32692177153248,208.43150329589844,46.859890538218295,83.50965848404653,80.66492347509329,188.85879569263682,89.00200401144363,163.07314323223056,72.7787213150578,208.43150329589844,87.97963437249035,87.81270223683048,205.37521306281567,81.06650223237334,83.05341722986526,90.22382243812052,67.0754377306869
2025-W49,Hamahamet-Mboinkou,106.01023817111253,74.82059795855653,146.89257305395648,99.97769423306023,135.26580774592338,139.88990700536598,174.80169063723247,47.756211243320564,128.14261175465305,80.30228735902571,77.40203826768423,137.42819798767468,41.953021331226566,114.1007404568491,132.42548167278179,155.8966193842739,87.88596332310198,99.1754366938269,90.05037445682869,65.80797005003113,138.66270925445585,125.48931112881176,77.14098349512419,82.68427336230178,69.65805746658279,72.84528983281805,68.10024727247043,122.34765467658164,70.35558126409917,101.26576538554883,96.75787936952486,99.73569439440021,61.00664202587329,49.24263112158512,103.89773459686621,98.1142605138055,147.86242073656013,102.94946415917927,39.58462815209753,130.8797957790541,57.70467840285789,73.20743145994643,95.86479056140149,106.7458406432225,84.58058256277266,141.51179871527722,130.4471093337197,103.70931564385074,148.96508488367382,118.34752498623703,77.84750152250164,70.54765201469006,62.04015411240486,138.8533511612226,82.70108530209039,78.08625901329138,78.82725491181805,79.32831003342963,91.4883317268744,140.08662554855766,140.28833085706347,78.51152553723453,77.87143029606669,79.83538158684178,82.01036831263194,80.09201212694141,105.9662028914809,81.396269860735,77.84641851719061,77.95039510305321,78.29537750576203,60.43135281421968,68.76324565204396,109.51797171962397,78.46749928380964,70.71086750327633,81.77163717134648,117.33051052101095,74.35828446275184,130.6694450845738,140.1113081102064,82.8447465917966,106.5901755874141,50.48655641007479,143.7280393123159,78.52977287797617,139.99034123335414,82.51140755956875,40.495052337646484,45.401673634064814,107.29230501308763,81.77143768913588,41.050294503235406,112.54054383387721,137.6571431869929,80.42078452037762,80.12944635837518,40.495052337646484,126.35821999904195,77.87568414783475
2025-W50,Hamahamet-Mboinkou,54.4265526304066,117.34634810368073,134.79455211344975,62.718000970191355,185.96528732130946,89.85800594982382,123.00891231393535,125.31950864569484,116.53585111940973,83.7109158476285,76.5223172224091,83.24453082969079,81.10285224472129,92.98966572767269,63.55290448575435,87.54986327869169,137.488525034928,73.46572882722721,73.83352514634917,27.81992005536125,76.12218538363551,100.94921371839943,74.21779520169969,130.25954082854187,94.13894174588859,112.13260982757613,95.64472234726244,106.63843653950784,47.320145960567736,176.53643975746547,100.23294897422815,76.03611849007778,41.37470413393879,66.80785408173591,83.82298485313312,151.3980688774284,109.32769623212724,97.68486011353691,51.397321366409045,109.27155372835006,102.05891426927687,94.16272917763762,127.80836614235358,67.96703962544605,146.3043323633675,100.27715803376967,178.74342744692947,163.68470663205244,100.17574379522128,86.46247334750484,146.48863728020513,75.16405729331389,83.30332032432838,70.32736043806639,68.21164694024947,140.53078257524362,82.01367205424441,82.97228266685174,165.8147081060598,164.75634842258546,145.83193271139436,69.71207589494128,83.71983169748358,146.4711488320816,75.17045913494682,63.61929720041757,144.19721003060232,79.70890920488995,83.29540016687254,171.33929443359375,83.93710550479908,76.27404225588714,75.15002409633419,76.17441282796942,65.38639391279945,142.78331507685914,145.30887912366092,70.43507282213174,70.76322946298163,146.36292597629932,38.26401138305664,82.78397437509717,76.89725628141827,107.81507408281347,68.38868462566204,97.13268701076052,75.18081481902419,84.130275541591,44.392885743772965,76.59437014784837,82.80504183824713,70.11227639756595,66.86150350640771,69.72503304242342,75.03213135451853,62.52730143066082,155.3834371906069,75.83664685080514,144.02337233847632,171.00330339918418
2025-W51,Hamahamet-Mboinkou,28.32967514671813,79.61828026510346,116.40116293469165,78.112415906719,91.5252499862201,71.63463066286197,144.66928146554602,113.93876165259768,49.460008484425714,60.50924630541617,26.628382733723463,63.06715535605372,124.73897384095307,65.17985476944524,53.10356425896569,77.36314460291949,90.82954667803894,39.863072913899984,49.537193181767776,30.550445644538698,129.07314756661674,88.53941592669331,106.26238871605223,116.91822516656802,129.80814938791553,104.55786286888186,37.42068154297988,119.07058932914268,44.993641072130124,111.61393062411176,33.982170792734145,91.35688412302669,102.0058774908554,86.03892031987986,68.16793106864549,126.08939719123414,66.84778787211127,90.24964433773721,51.84638094563438,76.25205218358745,49.130781866336264,89.02030893050022,68.56101647633942,85.25697803226224,81.45215034409796,58.185852286205886,80.13072379572193,88.48751048374535,41.803144841605345,100.48214503895495,52.40922213201388,110.8523474666428,200.19839910806377,107.86014130933565,77.24169679822123,77.77762583265786,42.949040114038326,89.09068807666196,229.0755157470703,227.51699523347068,44.204442853460016,144.3717900102738,68.6454533251967,224.7878911406116,45.519869924256334,225.33277449588314,181.195812244665,54.759713492956884,49.62321544221764,180.63412800410944,56.53300462076879,89.09450617870132,224.98501417589674,91.58875629247471,72.79391970603234,81.42144412828561,50.541774806626876,228.4778695391615,69.12758287653911,59.63901093684438,66.00208746965941,228.05896701867428,53.632798264215644,196.08316354245514,145.08463713322584,179.68276505801393,229.0755157470703,182.14523259851015,226.0510055320859,54.925693261486956,166.89570993889026,89.68684771766476,89.49640728497266,224.72503195920785,228.7697724820693,144.0379213411973,87.26746764615021,84.39820068544986,71.7295695648736,70.95713785946329
2025-W52,Hamahamet-Mboinkou,63.86880204844634,45.47347134395106,123.85243742593966,120.37850452387008,105.60236177630954,123.51140551533763,78.67430092307069,230.15894979500848,169.64544352342833,138.5550780543793,35.169006423155906,53.252335720168574,157.93906287523524,114.31635658489694,61.79439366101891,90.96325218265166,190.6992207200721,113.66010032655609,141.66449991130858,53.9031620188396,146.83253699582178,88.6944177993135,169.69280966336964,122.15120307675647,85.08288586100605,112.4691123809133,56.82083061966582,82.36550532069344,40.16128274131562,104.12674743510475,72.73740058119927,128.20356604397938,123.42592701357313,81.43109905312816,120.7759373858535,72.3180136375622,110.2780239608427,157.4217005129705,26.14302941924727,103.74908732975405,6.562046254178924,27.44621084562793,107.08816264198629,77.21558999638422,63.515929216351736,159.55203553315218,81.97893406365222,116.04490698713889,79.42316375743043,118.33076481533647,74.76926333954628,58.59366830370951,57.57782985990297,158.81567026926214,77.69635168410099,187.2527523922149,98.18983378554329,41.94952612289406,63.06615933816638,68.02957962931559,191.97183227539062,68.50339346622668,86.54104189101291,188.39668682768612,191.97183227539062,68.71770008486399,48.8561733825529,62.43766932889692,55.8961681364282,67.63625999787429,92.755489977012,183.11433468302545,87.6939598202534,102.97623830762988,67.88422835248589,162.46211370006444,98.80135695400894,178.09381557012088,189.56309177997974,70.69045912888636,58.661776838602336,68.67161132857339,77.10908587340086,189.27306420539804,74.0504509057032,158.16433665939144,87.97305033137923,67.11858927536389,69.64624954395093,118.26655331922694,122.22442042622536,76.88921284424012,68.68361411322157,144.2186397153809,64.88514627519567,188.44206421668184,67.3707264228295,59.86793196881087,85.28021026426164,86.74483624511429
2025-W27,Hambou,3.647825699442265,26.19162549762887,58.66263690660055,44.02333349662027,9.544064010439833,29.906976087069488,42.135730930989396,32.859555204213194,62.547350797321265,12.236046651215837,41.477080775985286,43.87958354034595,7.724620700384456,41.669699490952965,41.17789522288024,59.8496308716147,25.724658615656445,20.571162929437577,17.837997076952703,47.290833022684474,41.19500181808299,31.181454722094657,57.0439086615682,0.6637862556730028,39.254862209188666,1.5832582510872157,15.263182865337713,32.66604140245158,35.203144032778404,38.050438523942574,17.416669402451916,23.983909220304383,26.383004862577653,16.0011795870763,85.74416022022885,43.3159118525397,0.0,46.88566717005341,0.0,41.39294701659904,12.396599450909854,29.44364712127783,0.0,31.588772509204556,25.07907734335369,10.898066665874325,10.912008303623402,33.9290763919644,9.95081496902062,7.416414823804864,29.599834479792484,28.647234580750418,53.951507568359375,29.226214457397745,29.1305619402315,28.470211686924465,18.64330808559982,31.37855015528875,24.66123605944034,31.472389469612505,16.893747040722314,53.951507568359375,29.027937285735845,41.8176876717299,29.103183807486413,17.985080789622586,40.6618193775469,31.48032318135716,40.13733204478648,28.546286238487674,31.472635374752016,41.431966334545876,31.46748017701072,28.252840884459527,31.53448750208527,31.637926228700792,50.60586290536812,28.307676080927585,28.50960091276786,40.484312668809274,29.535706689224682,39.48751468977596,28.920963883126976,24.441352358180495,39.749593741932884,21.65025100025522,24.43604008656844,31.464298769432475,39.77126029241959,41.73832503547522,26.157914303028388,21.511575643358313,49.55193929948342,22.46254527348589,24.43575213658309,26.17531874323113,30.159123977285258,41.64392634649311,39.91049353331225,33.92996624671621
2025-W28,Hambou,55.448829902506326,26.029885134178237,0.0,37.7689305667073,4.72180728558607,11.487952380819898,47.94366973558847,0.0,17.14282695233287,29.44931191703216,36.874276308493336,36.922985286266076,31.01635495257331,0.39563185717436156,27.90640559312451,32.8808405304536,14.25842283623026,16.45481180491011,11.022189753867298,70.28418553659492,28.260693839822565,43.254500876767736,6.320089888585706,20.89407428256621,51.086952226160726,11.898425057173611,19.914459014539702,13.17063463899446,40.81174319636819,70.61627745855323,75.4152442449502,25.84476773842171,9.529320881712898,42.70383341134759,47.473056698506355,25.527385294674097,113.80996230688075,79.80637748818215,35.96107383223179,33.977081784055294,59.81226751256945,21.202897137585403,21.97741745065971,25.58357196283289,48.80709711331215,33.12163090186848,30.99186787334935,55.791889817231976,63.68869144328264,2.874603844203083,24.022713530763458,27.05319517424771,31.339787885760433,22.192335158082578,26.136353544934757,26.394513530858013,21.57353124493323,33.94151766126265,39.4010011960935,19.105568424349507,31.39888106827668,46.594637565481754,42.7304518972678,47.879023412039786,30.282757609886986,48.34628920272972,25.38022642088403,27.16411296327842,24.100203717819404,31.102378505814446,28.133274987601474,25.385541705472914,43.20780740055893,26.40952389498432,26.13109049899232,21.656103972542116,29.767591419492852,26.379897901740403,27.464189183594854,25.23498555173237,44.64025671286593,60.86011018709162,31.764303583396575,38.07920831730087,53.609722808055174,72.15289306640625,37.439745284060265,56.81359131622028,58.86362884676929,46.95578833925839,30.959912956152856,19.741499360054707,13.925244331359863,31.31360654101837,31.685663005172596,28.47919891518734,34.475587941816144,33.99880474006712,50.017672507737075,21.148137473081817
2025-W29,Hambou,29.829319819682883,27.83530185682003,37.49905770866682,17.46792007776572,36.80355470278671,45.36540935118638,43.50116324970571,0.0,47.80733629168134,47.36212205845835,22.957995235225248,32.47054212047472,50.04407276529599,23.94107480936893,54.21273500092923,32.63049928005694,59.55401254008264,14.245705065511203,42.95317091395225,37.72539089967734,12.374748771572417,52.81449296079704,45.001330926270455,49.467492560268816,37.75074708343181,5.253321651538087,0.0,27.52496204256022,59.050834169885235,10.599097027959196,66.4054397073063,0.0,26.41055305292732,15.91147762133797,41.849082129748226,58.88664233284807,66.59298738467476,62.13670805725662,32.324472283501684,43.481922917930156,35.22175760852405,0.0,19.42753645274888,44.46387633383368,3.239796622243823,0.0,5.8990536643797675,8.496976352001795,42.42156778050847,40.77341069441927,21.130041289373374,85.5039463080987,88.28694578747938,107.13792419433594,88.7212796176174,88.79509130514468,21.275761178936623,23.764117413957354,21.192311078186552,54.34951924055994,94.33070104169967,21.521385253484173,41.55777149410126,21.20116980986111,20.464297339162037,20.729902592511817,17.14490759623969,98.0418664743134,23.836598606993768,87.69688250312318,73.6203004616243,20.683231853547696,20.5045276404814,86.66087181069395,21.191251907656873,90.72144331991872,20.20904399444378,71.51202488400513,86.81236032830873,21.14638340455,21.19486128621712,103.42925510357401,21.191216081146347,25.221707794651998,25.31051644367378,21.17521007747291,84.51999350975886,84.47846678111425,22.467093991538814,87.74011341023716,20.985667759659204,13.925244331359863,49.05468737759982,107.13792419433594,15.258667421636424,20.913083783078623,29.372947596857717,86.53608980680615,18.86494940076212,23.38165029593108
2025-W30,Hambou,32.77461681480005,12.008952295102324,14.98951033953724,32.205174135655675,0.0,32.669604097368186,37.62952620387116,12.341038768072883,29.127153793269617,39.188895605341145,45.096367137570724,0.0,5.122256500401363,37.3531614047869,66.79938517587239,35.76795311374556,22.628706873436442,19.481438126471744,37.307215691343224,64.12395092392704,0.0,0.0,51.31665369820169,28.70891263052296,34.61501131899201,54.84057506464947,3.584266281195646,25.081306156082654,61.75117217530564,14.28538589147163,20.848159851699243,17.632025541643234,36.55302496147635,20.06351460703395,46.010139014531234,42.40240989316588,37.87175539342229,53.460050013641705,22.55912113337119,0.0,63.535709816546756,16.313334776375193,47.129679793303794,22.58996231861945,16.832172532032374,29.452924605180918,51.64260955171325,42.65936312534744,22.343458114783015,9.964584225777894,90.54428071715641,24.14813784624955,20.72991100571133,20.777847478796417,24.382038092358748,29.260930386854152,94.88459518212575,69.35525225823294,86.25998519842584,110.56602478027344,24.388053486911623,24.35959957617891,97.60114155930484,21.5548289287402,90.28195603988286,90.55376028668103,18.806084427832765,28.893411217336848,20.814318750641494,20.70499659302456,28.74873543709687,22.092005596746397,92.46140473363906,97.2496695252539,93.12091772336734,21.98991719030418,22.025272606773058,21.778316861848168,20.275509634115725,100.55885027851164,24.355220042384286,21.019985691213666,94.53133766113984,24.34565892823126,14.857632007093914,20.65411887355725,68.57612570510865,91.15873170173836,20.888979022047987,97.46826562552903,94.53558096036161,94.53301465307942,21.095005533192992,16.278697494308467,95.23121957075341,22.295398300394037,63.298872278816226,90.56058009233851,20.006206780588645,90.9540578143106
2025-W31,Hambou,51.27551484763913,57.65929964217891,46.62393576433975,52.204855496489756,41.69220470541865,28.60889190347027,15.228416079756226,67.68828378481963,39.93585411980789,38.364604986585455,17.74437699197785,41.75215150396845,1.9833820884956772,21.949675175512272,15.249202685036988,59.963379326375176,61.39339028985549,0.0,20.231670933696932,22.482711708357627,30.11973494916873,49.381770063035376,47.546327711470504,33.110929026039564,46.80618807032805,54.47167926003558,20.170803263121975,51.54363151054315,56.544368290075894,6.265149980711541,28.351901186170103,36.845476079603145,33.3638232711769,11.240656938311052,39.57419113547937,82.26328380034651,43.03113059664217,31.812994889389742,48.3585982713553,74.2145794401395,16.072764546783077,0.0,55.85332834123817,23.372354354281907,1.7204120138085806,53.83925104018259,51.48206260863307,28.68467798112728,31.544376194111077,33.78242726834962,107.74867870645004,94.33859295386397,28.954405887455458,101.2807132771087,37.322107315175074,94.76451894570913,97.53848781173976,94.88579176822752,24.25460053220719,20.236985176920285,23.353774105849435,32.039587472639084,32.555744714990446,57.86914166349031,26.65599387858603,95.99659092046733,103.97509098974,23.462923439171956,94.54708199521248,81.43183844746817,36.38366436330924,22.289406333386825,96.31705995094107,110.29254587678629,94.17128916401303,104.6975497441443,111.94595336914062,25.013069879445183,64.10302524603792,29.809242314646852,111.94595336914062,19.517404908451233,28.185530606550405,101.27860162615575,24.1666375201086,96.0312267210379,25.56517110448629,111.94595336914062,101.2934149427021,24.56600947611199,95.43738335104823,24.830819371469083,58.537031101051525,69.58030932326486,98.48047976830097,13.925244331359863,23.083771111444634,93.91750429326204,50.71944220549858,31.149922851272297
2025-W32,Hambou,38.5626495832728,81.67128991913631,33.933630984950106,49.82614206570702,44.92131547546557,71.96733447164857,14.822034037350626,52.48410305397333,3.6202925810268916,53.2865259952939,19.234964190496413,7.391166647671838,61.84162610316458,32.288493357368786,35.49023940662,36.24780316658527,69.09174464778442,47.163989860426625,60.53895887849913,18.008539210942963,0.0,46.75542478618077,0.09807222595599185,40.224775234120536,59.45589126790786,0.0,73.59212216926667,61.8670450352329,17.572904870147365,43.48743336666279,36.98558288282594,22.983170687593223,14.655504690911403,14.366707729279078,42.02077796537842,40.2069249228161,57.16655878596811,33.233072567816556,36.61625754172857,38.505790986038164,10.963973686760184,14.834575203718057,87.80800814247964,66.40851994952274,63.99219082641522,44.845126094085074,20.870078077971417,34.44694916313921,22.548391549363394,53.82509629143273,16.914989084112076,24.84745613520114,91.66466082634732,14.508432145152625,27.472219262295408,97.3451231739781,16.48654526440258,90.01252110231962,21.57840588848305,91.70529672937784,89.94341399674771,92.21967883386833,21.37543395414222,33.66233795424312,90.546032194521,21.557379186653836,21.53098576573124,14.14120035662905,103.2651813996455,88.78821756369123,61.822960718186195,89.90402814843692,33.70319539582365,29.65237833480946,29.407090596415426,63.07801489632271,21.083738300826774,92.28307374570532,90.7453368309379,24.91794848321356,54.04130663729589,20.28266475760937,109.39071548576935,92.58926671367759,92.84979664093001,24.14290842240787,20.574476590478312,21.291256135855814,19.053168079403317,19.96779999092179,18.162728289409745,110.56602478027344,18.293847311165635,20.15493426706656,90.94956330938288,54.40353176089438,90.48196695751231,60.62720419994241,92.12459146830241,62.57081205908041
2025-W33,Hambou,16.76953131547316,32.272533078071866,54.48073770674863,19.20545152416352,0.17698035963056213,44.017482476117294,0.0,29.26422817298905,33.059701453522784,61.28323408144192,28.408870813916746,70.4987802409521,52.9001434286253,48.43462198451869,74.77210995801035,29.339184038405065,30.2538363985173,45.12289860257175,26.63323606670854,25.599628734013805,10.924210305375105,35.23804127234288,44.49480776137261,39.090619004575075,50.542942685115705,0.0,0.0,91.14071399210422,5.183639239360417,31.106398696374633,44.476706448890084,41.37991144786834,59.937613640432296,0.13628073006692887,42.22021452190658,63.87047393901463,25.87036009008653,35.19199044729762,72.23135774081899,46.18282546101058,22.82982623971415,47.004536356353796,41.17828147986744,17.67977574642721,0.0,31.00041995721295,35.371214565997214,46.76385807826137,33.30464713990331,79.30510458615475,38.77654695676174,89.60863234582803,28.510766226505208,25.37839105824894,29.52183117688715,20.43654600842924,93.12148966088307,23.487571430092427,20.102262968613807,23.41321585360956,98.34938206521896,25.07300477229031,84.35023753365603,100.58386056363462,18.497974997162256,91.64485884092204,24.581662725456745,22.88250694041508,85.41546502333775,102.65724769864514,24.28808394539402,56.027026508823354,24.16192836673797,49.73474718761874,68.04170768560978,66.03756730487578,68.31671740673939,19.72953596324081,87.14840026235866,80.12923038608224,83.05707915705032,18.4113369613307,28.500358352638884,27.35898747827294,18.709418449576418,23.256113837663545,28.38994523934209,91.11542455501039,23.36508334791701,96.40802739650363,46.06388824702872,91.53468489792564,30.041167844890158,32.862444228353105,67.69186885655436,105.32455282011638,32.08064872368475,40.49749213095081,64.5550874054324,90.9863776568291
2025-W34,Hambou,13.21057698605076,39.768921389007716,43.65325583504456,22.768393711404407,10.221731059293774,76.26494227087991,81.17935945817244,61.8068268232192,41.05834761369852,45.29695725140593,7.4340537139907426,73.16576160790136,70.65433889929409,46.62054836253802,51.776678080171386,33.37847523665038,36.49458183599588,30.04621030627866,63.38639474551484,31.503607391573894,74.53494797659354,9.529146778214553,45.59480813372119,34.248138858915404,40.760683419866915,18.826072495215747,45.63603534274634,22.61238188143945,50.39338202926536,0.0,75.01550514684683,0.0,69.83102516887129,31.296141117829528,16.214612376692546,23.598693593335767,91.44388016332964,18.174773457550838,56.47210771056375,32.14555364253329,33.78479991452975,57.531769083020755,0.0,8.13044331872733,59.20113754330232,59.233182580958996,27.33131349287529,42.13822092224771,65.35950562622699,24.06366971488611,17.978492004614896,30.32109957884371,27.972868969440096,97.86914613906202,28.667323043090487,27.199378021006982,108.25154577983156,26.378101987369078,19.824524337240298,20.880140603298564,18.27582138518609,13.925244331359863,25.695352999817306,90.22228363040288,88.87325517640957,14.640573668511626,51.34157970426017,18.936361750484185,101.68840064989676,19.373138491184488,64.02170143487793,22.29549009252549,64.93976514439187,24.912926417853903,89.83217756566083,21.131549504316805,95.48395419047593,29.062829389766772,89.68791639280794,93.25590701196765,112.228515625,21.064408174680324,21.456816230313947,21.328522128594486,21.448966259189373,57.63763837759959,112.228515625,112.228515625,31.222321482389756,64.78385690287686,93.79566590050864,99.55728232745274,20.501550065174246,31.366091871982093,91.90944539161194,21.50039391405615,25.983516417107648,112.228515625,112.228515625,95.53122208972623
2025-W35,Hambou,10.666856435688423,26.67015819184176,46.42455626146959,10.792462587520511,36.87694168181946,20.604560862593523,39.149318338149925,0.0,34.905651204452234,26.221939738975728,17.670591588911275,24.590294700550555,8.324540175096097,6.742679183708034,69.32831113635231,0.0,28.759579431628314,4.124956594074728,38.061401415254515,10.18445310228557,54.81835522188037,32.178505147859255,50.68239317982604,29.300399909354685,37.91852107620423,42.99065351338715,28.10207849810938,33.30448054883108,29.07448088474557,26.622142683155285,91.20603201707274,10.951022076461872,27.64711802543463,48.93582343618886,49.039292847518155,44.85138977035118,0.0,0.0,57.398022826152506,16.546854786752043,32.050599962178026,25.31301974797899,26.293161280788386,27.663019406548884,55.15340734401539,49.028751567996125,22.044787585807494,63.944999324859346,43.409036796593426,62.86036318352118,90.68585997081709,22.527279653707055,23.66297793604984,38.78507938780861,45.32063913006295,29.90827726403809,61.895697218370756,26.489838014990116,90.34405067240374,24.094028622865494,23.99651739140789,19.340345505183762,20.473770722700703,91.81535976744166,28.42938618489378,22.351721090426626,90.41576626185739,42.02913667335341,13.925244331359863,23.510628029776843,20.084088026174367,62.82205384574881,22.61658214616745,17.41943192289949,16.55661057175531,54.666962534213695,13.925244331359863,91.76399327203045,19.756357186905888,58.93681678140629,28.358716346913532,28.277310854798383,17.69661409488567,90.7150583276951,94.72908364461372,13.925244331359863,20.108401499759804,96.65078695042634,39.8557818311175,19.67508484424527,21.24229254949175,64.07927640145301,90.24378465648185,57.70952533079185,107.32424570951682,29.07390462778091,22.998593415182633,29.064902550983533,24.535137559218846,22.344224851157552
2025-W36,Hambou,17.7913390163598,17.48985327080398,10.871723341813176,54.16826501497219,45.825555528647,9.076673998458343,37.787205424360906,36.85901859953887,0.0,21.723147736285725,30.64367546714158,43.825653700496716,0.0,3.5635542657779773,13.44605850237431,46.85521430674105,34.26133635290972,0.0,38.889123129489676,0.0,15.240900688333378,0.0,0.0,36.613180448625386,34.66369863894452,19.80260083099983,4.280290545902879,16.564033282992497,33.20457783362069,8.672765830477662,23.940175272756527,32.1431190509179,15.565039775795551,15.740249418513681,84.25522199703443,8.948010643261188,42.77689746269295,42.568919000468455,0.0,79.16299095104316,20.46774254541163,43.224320169767,50.50115421053506,31.478647801649696,29.45624573917239,37.93921341954299,10.794691134147744,6.8722752958598505,7.904903365037349,67.72226067101246,15.828251850951188,22.758104604309302,88.04057965206854,13.925244331359863,25.331321027342725,58.09191359286223,53.29447986650516,90.16977552206949,90.51886946554289,88.06018393543728,18.051325841787797,26.38316277538775,53.13128685203768,21.173365073030972,15.518567981828271,20.81663380631326,25.51853056185419,24.789770746522105,19.38367010454951,90.87759461346494,94.90181644367993,20.062613889806574,95.01791996532249,13.925244331359863,94.88018073367893,102.2990491824674,13.925244331359863,90.02914359059092,110.16335197247568,94.31074634197547,110.38224008958355,39.822170949028155,17.707779504600072,91.84479078413636,53.37432906616714,53.395514511104665,24.945281136422114,49.32974799602717,19.18182655148383,89.78924657667665,17.6640186962851,89.25538928340524,91.81388555405456,26.24348673265001,29.569048643990712,21.747674772852086,109.8435818857708,89.47649185695444,23.048371621248005,19.367412297425492
2025-W37,Hambou,0.0,18.690943793882667,61.33111046898214,0.0,1.446841316387978,46.18193025226618,18.82788668450078,14.874669131865822,31.92269945784108,26.78885114080869,8.105891500119633,26.162644112568874,74.08653085120534,39.93882625278262,31.197165356974942,52.667537764443765,16.03133183198336,17.318339161731608,90.2154072003814,25.211290043380448,57.320482579978275,21.907516473252077,36.048905807522075,39.10107531428909,8.952726380843778,35.591324372070275,42.198892055333936,47.00228412991136,56.25231655459315,87.08023754538851,0.0,28.327129184290378,40.02365511428922,59.380242493018656,9.766773861039752,40.75056063895758,28.252074813136495,0.25305485390266824,34.79604593748221,1.58555165556659,13.116606462336875,19.795527829857722,57.16605059323312,53.035091120875165,18.162856320219426,38.2997570236943,8.173113023458956,21.12057997883934,39.68484031102778,67.72186840363402,20.773048711477788,24.37417863952546,92.15117412125822,85.35081142008049,20.617273887668365,88.48635394760224,22.63168673571702,88.12562946400942,21.09842076729785,50.74841662525345,91.19469940392104,21.275583295104234,78.80147012642786,96.32035827636719,19.39053536131439,17.30494202977742,69.9982611698465,21.912588987369308,17.220159406079222,25.152137706029237,86.14898215393279,21.42918318040601,21.862024781236986,87.95878445404773,29.881599287021995,87.87657972103358,23.77551935070586,93.48899601448507,60.30065061877577,17.97292681794301,90.30068086921735,26.106162112488178,19.267561884747543,19.39566582717387,76.26707986743679,15.768927333359978,21.435896077688177,19.174444220471866,23.639537078847997,23.05070505524688,30.155065769749008,21.404153737845082,14.50569542549213,49.8870281822702,22.5460115429995,60.46143841296804,17.609188399161063,13.925244331359863,21.170564473851655,24.035547335938748
2025-W38,Hambou,9.875263283204163,23.250711112322666,70.18996052875693,32.15071135768198,62.37889911455164,25.554873371778868,15.27900751181383,38.402642931090554,18.280043545399796,0.0,26.273132312823584,17.886620011638065,57.729332303589885,77.9565039326059,77.81259363233698,21.503690675775907,81.73457417170741,19.062277189904947,13.043417064118078,26.54754792210872,28.842936297583236,14.234218260265305,41.76179381447632,67.94095378430363,73.95642354290581,85.0702070123656,39.79544728882895,34.68145976640814,24.6579596843411,30.76990416307208,49.74565962874348,30.78030741439862,32.19715026899216,31.09321808916468,30.690440792840192,51.473748937657994,30.21754819411933,21.091006536683565,12.65214646603335,10.89059772485789,55.266690720172925,49.853398580222716,69.9508760526879,38.808098233992816,38.25110441464356,39.058893928926466,66.30146341424339,50.53241972282802,44.51127558612589,51.55433992755644,23.87004479983459,48.745491916872915,23.817862876203822,28.226036873125103,30.335087249585552,13.925244331359863,27.749774177726035,23.575178537710187,23.948561873405286,17.363357238711473,44.6795848038856,56.63304647396868,13.925244331359863,30.997270085899682,42.610024510802425,23.122802836115813,45.38012172160824,34.336263775670346,55.00048486614643,61.61786651611328,15.254887442577255,25.111968110748485,28.625573791692453,19.567096730170455,23.50219052354086,61.61786651611328,13.925244331359863,25.48424472212504,51.02067485440745,23.387754931395335,26.5614997987505,61.61786651611328,26.386711128179222,18.81201154420724,15.973544447358337,57.09371639609595,23.05313606514663,27.40537623657802,17.254918879139534,24.065356375854996,55.08551016351135,27.35401235006089,61.02682095853366,22.866176587061652,27.42035167243839,51.74127903991017,25.274969148393797,23.103293478077386,51.67859739853497,23.861207414007758
2025-W39,Hambou,6.046423666081019,53.74371464248571,55.98810440102416,36.03592977767311,45.16518014932486,58.1214137417645,33.37299148022674,0.0,16.400335194503207,37.83683294417686,70.33868333191415,56.38269153412338,54.695034438742766,56.985680355650885,53.129336589652056,45.102963855566585,64.99606224173894,8.610742545732386,52.043292923200305,0.0,60.59254701763506,13.11855788083325,57.686034215850746,27.631513815755454,0.0,19.164489321321355,38.79659590247376,39.2461416503284,75.12925005739504,59.419445608676156,45.6609143221965,46.56411162905985,54.315572951388674,51.08105575407099,61.456881681835455,50.734812846771874,4.070150725827531,31.078997210045987,23.45648736788486,42.109769521435666,4.16805146945854,29.586080216632546,52.43970248969681,26.76879084998043,43.02186477872425,58.02697228313518,90.96284801498857,20.763627825595837,26.397618619793256,28.09210229878422,28.138148257411405,55.61400604248047,22.563017958405954,24.733521426751143,14.407428827765703,26.107012021389703,23.00807520806459,31.650184259363275,22.407825972517905,31.539006949850645,24.43434945432353,25.58039868171809,25.506160217835205,32.786435306318,27.61350498158395,25.65141267803371,40.721193440770804,28.442333353465134,23.451418999886705,44.30052409294837,25.43363637234392,15.035801705871968,27.65091796589037,19.59823423980886,24.013737108998043,34.086196645255804,20.224987730805548,37.88972986194626,45.334946626650954,29.93963412275893,32.530001307788474,32.659467423675785,55.61400604248047,25.41993328533694,21.922646137227883,27.957589706044153,28.177624058118802,22.31825261673869,30.2906306998989,13.925244331359863,44.79404845411592,24.44301769965493,15.081944388926235,18.155140488105225,24.044362110473436,24.516632065421447,14.545690593289846,24.559613541656592,22.772824368554197,25.853697397602787
2025-W40,Hambou,3.5957187124910917,64.72841325546476,20.321656525832545,42.3377086429905,57.305505754718965,96.84639909127948,2.4127791321969845,0.0,0.0,19.32664159710027,81.57414270529472,29.270596886283816,26.689080431593737,0.0,24.765976827894477,0.0,6.3024232364711,4.877175135937204,0.0,10.458273771366827,34.08348701028079,7.023757270818326,32.77078460534272,15.57261787797659,29.833362973143867,51.624224742508545,48.34565710474523,43.82261419074515,11.603964459344176,56.43624913818566,11.309470069344144,44.06528238840031,47.25996817483208,0.0,40.79818504567723,9.001246789570825,40.98545218859823,18.09588176117216,38.193551704594086,66.55476967058597,0.0,0.0,20.65289278926301,56.61172099965354,11.707118318232634,79.62526843096124,70.56343214333668,42.15958113275481,4.751602870383973,68.05448293334808,23.089335143679698,22.853683316149105,22.8161068487984,17.52182826541656,13.942829104678095,22.21812619090445,25.891804087694204,55.61400604248047,43.61994680501933,23.458105661810446,23.852231694870397,22.77087376416601,26.05546839373977,25.968546037096324,31.5602870340114,37.345737644655,23.165150155907835,25.98860299651225,29.562610615724964,22.750119154763034,43.756371147995665,17.55854333611417,55.61400604248047,26.019037060163917,17.55001727567522,25.386472371213753,14.712851668876873,26.01994796914653,28.711418713332627,24.984688400076504,31.983285273793122,17.586749468555524,22.60514225855733,23.1436585963585,15.423163081582127,23.174412503979084,22.554635413679726,23.103505552125547,23.15897388344264,35.112617518655945,22.578815174979155,37.101310610872446,23.15955388589489,22.81571303381027,23.43372942550825,23.150335814367967,22.535468123751336,23.4361177177529,21.667835648129437,22.919558630320573
2025-W41,Hambou,0.0,11.289244963053108,14.541098952255883,28.214146921836196,30.607089567956617,57.79138593349697,26.31342018978617,28.44363400250063,48.40781186193132,0.0,8.765139578457337,38.28609408841393,34.133442063499224,36.59410231250958,17.21366331685629,8.446439671146695,22.397590253400455,43.08235439659957,23.384363779394654,21.624982423297226,17.56857083301307,0.0,49.40860942780926,31.463176510049106,40.51176580771818,0.0,51.06139871172552,29.71286805434876,0.0,29.316697780303656,22.699749832537616,64.98773061148938,63.2346481531428,14.330347425978808,65.42185277205083,27.41171617256629,13.354643473628325,61.32968208634854,73.20875456147188,42.98530324371231,36.42698877892057,27.497812209135272,55.23840989904764,3.985767523996614,0.0,35.99915708821786,55.9122675898618,78.38309101552775,44.579341452709066,17.652774561390963,22.03284190205101,21.66758859438406,30.856621597466923,19.414058299804335,53.91475471829282,28.53096798705551,53.206719028827294,31.005880909592825,17.78299924887862,21.982211398918686,17.96883538136131,30.796966866950676,22.082433415367966,19.579984309345296,42.20478807842307,17.299301432653525,22.03090136599165,22.89393390572017,16.507102418444962,22.18146614738319,30.726685063989702,16.956192871998727,21.95593930416416,19.457332885481055,22.455599718957497,17.362038219943855,43.28061617201109,38.82534176852394,18.086336679290753,20.9747902772554,22.10754852467558,22.863598743660106,21.82616471805036,17.8872934926865,17.10122966251682,55.61400604248047,21.880131408258496,34.42423622683662,21.91922071190263,41.52701288862081,17.03631464697972,17.27833363177558,42.207897007054896,46.67416969011386,20.899509242751424,21.220622269120895,21.867796507136937,21.691994891281855,18.144814292205375,39.28231897208462
2025-W42,Hambou,7.710522537796237,63.077968227286284,49.130904223967725,26.088151124843368,31.15610713137178,45.599951724696055,35.74939914712908,14.088483453384164,20.21417601025966,26.76036433234293,19.534715851404307,32.306838879361294,34.771778311150946,28.087582250188653,7.749381823035307,33.5685047858936,40.67149484521137,5.884875584258673,15.730562189451032,15.257749305061466,70.88611234179054,66.63771865781074,36.74471814912495,58.14364165811082,51.667240006057156,5.184703758029329,1.9935324388743005,30.722988522250613,52.4380260896821,30.617594145077046,44.670519554592246,26.29187731087837,31.452082933277104,31.133578272505087,74.44475520599076,11.644772567423214,3.0075319345664866,5.119974908224254,54.39270516406802,2.76608057343854,21.022713445050854,58.26835382806276,42.919930770308795,46.44207165507668,0.0,26.098734760944375,15.224199421332571,33.34808831016259,71.02852886556008,0.0,17.048080689582825,22.008454259671307,16.461390321893063,14.800495913916325,20.729172622562245,17.09912606669233,20.807845525917802,16.63607974912,47.44063503845382,23.049068064939995,36.141200348552495,16.72569843304756,17.07843145508335,17.293496375084548,18.28776025344953,17.058254977955773,16.193087516179062,17.297330376095438,17.049156842180093,17.420942944642288,16.87787434693953,17.055524297272758,19.510658620808133,17.43758589605568,17.128709974370878,18.251192559627203,25.029582288968378,17.369024231971057,18.665554127059583,52.75483498312427,18.117710273101864,40.403151452933905,27.961735000566932,16.071387736818266,17.696714555191335,21.985533236301283,55.61400604248047,17.75166191491939,16.62804446515593,18.441993857374296,16.718445845452848,23.30399873159648,17.957615540196418,22.06830784394017,35.08837502354876,19.601470034612625,19.04207024009115,23.56280132047373,32.50468031958025,35.04140994437834
2025-W43,Hambou,11.053197032486537,65.26748067962627,67.12849636024126,24.023089139052846,48.622526961690234,46.88188386607846,16.19885204412086,22.471581455372796,26.421247537711736,13.15427490804855,15.30503400301044,23.23455613339211,62.700887035622515,34.5831538099935,58.06967463119686,58.74045330247215,34.345173485166555,39.958084484748355,0.0,17.798668367469322,36.08318417027942,29.7885336311247,40.0278037277246,1.9720716668174632,41.51760494105114,16.57035094876256,29.892171576061216,53.496207077243334,30.943958975950153,67.31522941886371,40.85494312978334,47.19895553915364,58.463816367503625,0.0,30.61302810819903,0.0,29.231488619702645,29.569191550403733,19.881233099580342,34.689298228112364,0.0,0.0,8.88694574358924,49.64162505714081,43.07255486243327,17.488104592532984,0.3672967549397086,41.35104509329338,43.6957131750644,0.0,14.198065642122392,17.386714780528127,15.511324438605646,32.25702753990254,20.39368783414214,16.496513641405144,15.481340184133385,16.042043668088183,21.390324683233196,15.498645426481549,15.245783930473268,37.33490922974943,24.215175151321695,15.493785985067047,15.899724651500525,54.661805515961014,21.419221111657762,18.640555387044387,15.967391004918177,15.9377126600143,14.27190092395149,21.55231606221806,14.35905918991462,13.925244331359863,21.5589600030864,47.12290493844039,23.46386734393208,16.69555385524111,16.72267439948678,16.56718708530651,16.00785040746077,17.02583936760916,16.545168276960208,18.219046144484576,38.996594775907546,55.61400604248047,15.053507576455699,16.31698341241441,15.474364372700196,16.114698503544265,15.872748324077982,15.469910372044453,24.20208396136241,16.741959923665444,41.12220655228047,14.106464353834411,14.901065727353044,16.410893937618944,15.073383900164023,15.73479581306112
2025-W44,Hambou,96.14178692256957,12.043528963925624,28.090164599264547,41.33747937528669,13.412347972840422,52.323989815199695,45.34373724976025,34.48740111629968,26.94251490479466,37.41987768599317,0.0,0.0,62.626273984580116,25.2517872494261,66.23781235755098,0.0,65.62119518793219,43.8887734396665,21.922734781465277,18.548472545941564,4.001411336960022,13.985048499235674,23.734577507301005,9.8373857613133,26.67503716263121,58.78458348301305,27.518614756617435,41.89626843625195,1.929430837044361,20.870214367567428,0.0,0.0,0.0,0.0,43.97153362219288,8.646828214179628,0.0,79.60592113417924,0.0,0.0,50.88999956490437,3.6814016641106164,8.230651195144638,0.0,61.124708250996115,67.03209226698081,27.451175803060742,39.56664110447947,9.453355520450042,52.43649771451412,55.61400604248047,16.841460676003567,16.639473906709227,24.539868590935274,22.472514217813853,24.710752900408647,18.378744007976238,42.06303315581647,15.692275145537742,20.077518235300943,33.14704154897373,42.24044792327272,18.278873706181074,24.48406515924876,15.000829003765556,16.155042048741137,15.000806044549575,35.96266917897003,17.535324532833005,35.73269434823978,14.965516213864303,42.17942427873004,42.07755308526364,15.25570967736714,12.391079902648926,14.40757583298292,42.10752744770445,17.135204396225785,24.29973822663441,19.96852401967361,41.95319491027301,22.285979286860215,22.54199299857303,55.61400604248047,15.830820307946137,42.069560585430914,14.115042814848563,22.055382240926,42.434594389741534,29.68720168851028,32.50614373627315,17.22497667694365,19.62256553100877,18.237181900091993,23.43660538865843,21.739280197697866,17.82320089087068,17.7265504654335,17.18140509501196,18.215798630263752
2025-W45,Hambou,17.211565898723205,21.18666264721973,62.04406113987317,51.85551916848521,56.63766072027583,30.33897252991941,7.37317520827396,33.0781570567444,0.0,38.0665829651005,6.028675075418231,11.756443267897438,35.75343387160666,13.695910374407163,58.79890293710801,29.098338479020565,25.624291052835744,57.575623910099104,54.78852841389304,18.569756433090525,29.16834056409329,33.36512446388575,43.523444212560904,61.47880861121162,33.718791679448394,49.51799673490368,52.93911341675446,20.118540905928448,58.764211622306604,61.67448378949884,6.074452190472833,21.913664217050552,69.23298119922649,20.112449874518532,35.403799246736426,8.991191801363744,50.53999189881834,30.11730101162752,6.966803286892578,34.0471853962354,5.743435026630472,31.149423863868662,73.10696275310187,60.826193647571415,24.614037573022518,44.45416469786124,76.42240151998959,32.603491442627956,58.068437767918866,36.63040006031076,14.257551562242211,78.78482186280701,24.89141870091606,14.205996549978062,45.81270530328254,70.13468387904739,15.013432205258974,14.258489782987114,12.854732513427734,13.278129273647414,58.29946657949144,89.4710693359375,13.233030757911534,57.5989017089249,13.694561513857847,24.332185742012694,57.99434556184582,17.321469269828835,12.854732513427734,24.50334674000282,89.4710693359375,15.097469412755549,14.405763241514652,14.16369683875897,21.845657943881324,24.573666725511124,60.62893779137276,57.84603497046073,87.45797897939178,62.04843536521013,15.054155776447127,21.89143663701055,15.501982586101292,16.49070437878547,89.23157181851934,39.84702473882513,89.46896585135865,18.255774443870372,20.687020586384303,20.046543228736898,14.092319567709001,15.00994346904496,20.66522827167901,13.641163106257494,89.22654049285157,14.163344170846951,14.5445627335855,58.45113004888299,13.99288292744956,88.90132693590485
2025-W46,Hambou,48.822346556099916,42.20467520324552,29.102780419910296,0.0,56.65334875750745,63.73261517358844,61.11562592725994,53.83007941736757,11.48228553844655,11.673623980454128,35.55803056977621,35.707713084178586,20.05686718881551,46.87601073262268,6.362003271274109,61.00080152192625,74.67655115938686,26.137235738815495,63.836816002314194,21.08186107699245,84.38858759423626,0.0,45.89021955044379,46.14791215835838,32.833111359156405,47.19818207877708,29.463641897022104,53.0143971502215,23.40072915771639,31.36606706950916,9.407740875803263,22.198054809709383,55.927752508021634,43.55389320765953,86.98075768509945,44.420560733006894,13.376505670953772,26.919778891808225,29.922212990046265,50.14774866449214,2.1339331398030623,10.800369993798313,0.0,30.715747807702108,37.447497550147055,68.17345426734454,27.255584058802363,0.0,20.939383416801384,0.0,32.67700015584096,13.127051720492533,32.190329124975996,29.936286685385006,33.94703603870541,41.20774204662194,32.58955350270479,27.67374355956696,17.732547974556127,32.32991492092966,50.58550423029305,27.739471531862645,31.48290364777134,20.533440781352816,33.877113033305946,55.61400604248047,16.163243217049033,16.26196121612649,25.870729166050516,23.786043116756872,27.05211681483518,12.728288842398312,18.490226502888948,27.517517219150825,27.625628302019223,31.276179700069786,32.61174665896647,30.453296134147802,37.046649297071205,29.578297537134738,25.79357021038014,28.651742225843698,14.81884153056898,17.261473562214334,25.389490020360622,41.94864230095746,31.8611965980552,14.258662379118054,27.971667476552305,16.34134216182605,32.77592942306984,41.19510839842487,28.029375956671434,27.927098943808105,18.061680184844707,21.58350276602191,41.80396006260042,32.6486780556673,25.08382301234481,18.2136132750954
2025-W47,Hambou,46.70856778770939,41.3884622170638,75.00903256881895,68.97943577191606,38.60592653199298,20.239026915149694,2.040085878705341,6.6891340609971905,34.68157073766039,27.139632911197523,22.024696245180873,13.25520189327714,29.709485060493588,23.50627848516035,19.437616789861124,38.366960121891495,36.7468982858835,47.6876890283432,2.8648522060411388,43.85550575035418,70.6402077622341,0.0,24.361738993052548,41.47697956858154,30.716491534536658,72.90151837128988,12.669204706170714,6.886820148267123,9.898480343572448,31.766435819894383,0.0,61.43484606840697,47.29706389154799,19.53934624219539,18.763220685501835,41.063813788230455,54.221679563478034,9.114208939598686,67.86287476194093,3.9941425901024097,8.36729809375231,37.38180995496269,66.70893317025755,57.516171206615276,32.95295583725166,1.8096349900426745,51.98461373985761,49.87680868110817,38.53210670340101,24.399195742920682,12.208024761342735,14.067698437265687,14.88446882453438,17.857571145055715,47.58280614127461,20.901015861270054,14.984786701596764,13.616209818548423,15.948376502321562,42.8709734881159,18.35778681797171,42.45465698749549,42.73573879360398,13.677656433444659,29.485691033210117,48.88806510603244,18.688346512733762,12.231308674469087,46.49166729873193,45.29876031758579,21.93936291980354,24.883547335354923,14.912883048216202,42.9800587526942,20.570855441558574,11.527189598425132,39.91179236862858,48.137353152265916,43.326253061351444,15.25956238085881,12.329543514922868,47.251766125419714,46.96468282303729,22.56732456450497,33.59772002442081,20.18066641022973,18.998364339797657,13.782207672716078,13.446625652839804,14.975074091846524,43.59358861967359,14.118416526667806,14.947274984135648,24.344113375821156,14.918029871311816,14.466514661711894,26.523482285885063,17.545923922814126,30.92216005326121,46.189980558493254
2025-W48,Hambou,29.55945714811418,15.26079060194619,11.255694427676335,0.0,0.0,59.80390380033285,8.679389688056872,10.023568203991427,11.688026731243813,60.17083409715824,0.0,33.58616742313394,31.226490727634097,19.529499914474233,38.711293229474656,5.249591092161154,7.319826014146894,23.97222840654187,26.702599428144584,37.20182720554698,5.4949421249568715,3.0781439961269967,22.157833499025955,40.164027997919966,50.44175507644337,6.340438000334647,0.0,7.942463498913664,13.882124433618362,0.0,40.73552036709174,41.374828375430724,66.23929788599688,14.245955408478338,25.394343258646526,51.95936753795398,13.095002163955009,71.44792757095509,31.810648262756427,64.88021845407634,47.58742133690633,18.569218703040804,22.377993148732646,39.704699079322104,53.300105117348764,45.93718251158079,53.57110096670057,0.0,0.0,33.89551404054317,14.982578660059314,80.54925809054126,78.87445508847522,63.054952586645044,30.084326878019994,27.766281350399403,31.733857508068485,44.04239680213671,12.220650672912598,86.74429673121057,25.634881755489474,58.143656601748006,18.23463981510339,12.220650672912598,21.136684626893118,21.117295518163278,18.725375750919756,17.974041336347593,16.265407970902007,21.272396430093217,18.221161014367848,88.22228300087008,15.03800315347601,17.75788733437768,17.41415210767217,21.732471015599657,21.022386965992958,32.676079829040766,85.73426234801053,17.24824875964545,44.63185517521294,12.2227106387964,16.812071836091835,19.040135020166517,12.527818251439204,27.415634042140034,40.88665881980651,53.87447292773517,21.188803465087307,26.653434501849457,18.401296556191323,13.05344146352449,14.339535766529776,35.018305996064626,88.85497283935547,12.220650672912598,23.143653617573623,54.398012605693225,62.968918989114016,21.91988547798247
2025-W49,Hambou,35.99340100272987,32.450990289211816,22.825518498586725,0.0,12.850283622965744,100.5017974786084,52.16972980199708,43.5424018973352,39.4569105284482,38.216723477913305,0.0,0.0,0.0,30.611403766831952,41.99936824497405,46.788432916616586,51.46798573409524,20.961293390662142,60.440473889341646,43.01261293673008,42.550349165334005,77.86180757512308,26.85204324448883,55.1084527225525,48.905832021698785,38.06098837077735,42.0944838039098,34.2844042218746,25.9681870851473,16.238139523155365,86.58465435906288,10.084481956170396,19.058947041197307,0.0,51.74021539393296,0.0,40.89706020689928,59.404619051910444,45.33808246724216,23.181554509757778,34.184225777253374,71.22160409049744,32.74061036101155,35.03995442159764,48.37094109188942,10.684620309901405,56.83754976501267,16.155808607180802,26.418970518443583,30.73315896890815,32.834502652662124,43.267325642741774,48.83290078479448,15.720833141402105,51.81552395971845,9.382402432407797,47.70837819786702,14.047891083797982,16.7418490000427,9.275561332702637,21.210783355692993,17.835216604271885,16.417914553880138,21.525693639123922,19.037917772754714,45.10714017761187,49.95039914947066,40.28033744985369,15.754101267677695,17.399704690104187,51.06243441900622,14.655182301526311,19.245472918268582,52.93950371690506,53.611123277365564,19.44665934155342,41.989989904703606,21.830993904583444,44.978025790918714,9.96668985066212,16.064064385729214,32.51052365223809,16.883449974558395,41.93142852933582,17.950058508967974,49.73828454747858,46.83334130283507,24.1289626218093,45.15472949093963,17.097128044792704,24.22105856517835,16.75269639097896,48.8957008845971,47.03005150116495,50.408590902332776,49.43838252228594,54.346215606650816,16.868539620038092,52.14582834292877,31.121251599984177
2025-W50,Hambou,3.899646331461355,62.37526978885779,4.472661821632226,12.698253820677898,0.0,29.970027799017792,41.68310776094157,22.74947715910395,9.12267450093334,89.11954886054235,65.59554066706221,19.09372492146373,15.620968020505813,31.52007212290806,0.0,47.541571002757266,35.228651718664516,0.0,5.88093266530533,24.56287917616416,7.343150168791485,43.61623658037826,45.07207438938774,62.081611858185525,15.399738270836359,14.476785209999642,29.339366831103003,27.64126586754229,47.19741738607246,58.409438471814376,35.832148819837094,22.74382077132494,29.860411562171016,53.59922424149846,3.096148131556607,10.183228419003491,57.10247188950442,45.289060610164256,70.81617666599035,17.697265197517613,51.87173874854663,0.0,32.465202712662474,56.226670079299595,8.685591050650402,0.0,1.2947674381494316,25.17645806343902,71.42253768889641,0.6498906724340792,20.05425135806993,29.0837909058394,18.19306181425219,16.559082511415323,15.8248480498331,13.64220032933177,22.60668674066674,76.81639327504006,35.12461510173804,24.011529934304136,20.280652380204018,21.588374479583507,15.804017638578571,68.55196668998832,15.793156361323057,57.934408553165625,64.85410743424205,31.818544651717158,74.38127071830746,16.628665182791195,76.21392424008184,61.68737193320473,66.6179735735756,42.65749663109664,72.1877956333067,90.58975982666016,19.970022328897045,67.43074040908247,64.31107052046437,21.18202052827962,86.14316210802187,19.10513520476855,30.044486407276715,14.575865715357992,15.818739260821998,71.31067147537341,19.17660590713271,19.09364769601833,15.826682627398434,22.449821721407396,66.99671459702262,77.5422090728728,13.117383578441808,31.80943000693461,21.679295880957365,32.79742498375689,20.97430814215088,19.246910679254277,21.82516771899332,32.64292015306663
2025-W51,Hambou,75.93278387935284,28.01163347048265,17.45696069844489,17.07327470155853,12.010381059521197,38.697302545116735,0.8374932067154788,31.269199756722553,0.0,0.0,3.117399038878691,26.178975273665756,20.314387568010734,23.590733160429934,0.0,77.86246544788672,40.875425926169925,33.69689687598453,54.53418473479664,32.85069359996029,10.270110809151575,4.902290962832982,46.92960754120891,46.97890291855649,34.66312347256613,48.46076888184639,38.46531809240809,22.585579255836656,5.3955321796541185,30.046664892663877,30.645997287219505,39.345896212821124,38.21683362247178,11.590658485316666,18.125196766367598,80.37567484962707,0.0,73.19401123526754,21.17371497949273,38.91518025904827,49.5178635533259,27.220592900469253,15.330076067735867,10.559028353726227,0.0,17.68298534312211,95.22278395550123,0.0,30.775601015104947,8.556325784972916,18.477922425355196,17.49203903483704,32.99708903444513,30.570251314081908,16.30541995144371,32.11656497827805,33.68672361216715,14.3916388583708,25.8214641660671,15.623489417090493,30.509802774992245,15.446633095840545,27.584542055345164,15.484892963342963,18.522271211617298,47.1701191974002,16.56560860946754,36.32818727620393,55.61400604248047,36.210156849134066,14.526321896094878,33.03218965914604,5.940454350530393,16.660558576825167,35.66265003758244,28.172718641053624,18.616536345450008,16.61751125013123,32.741558582832205,29.074804533808724,17.360277101447082,38.55490790901483,15.425939809340456,14.575579530622669,27.10052189827296,54.6509689042088,15.466469205186181,15.47212132813894,14.110494103894771,34.31035427562044,15.417626076609825,18.487504540838327,55.61400604248047,5.137559413909912,21.659673290299175,18.52727012740328,32.482941304024976,16.397608101451286,16.795446941404062,14.548874069946395
2025-W52,Hambou,25.280570767592188,18.51768691760684,41.12930548513232,0.0,18.119324313292644,53.538080161482796,19.482722154731178,28.87322964616311,0.0,11.067095073905598,9.812918957398594,9.434111610875771,30.402396450727093,10.431130818067025,55.943414159600735,42.334102703740065,54.90594858793463,0.0,35.85299936926812,13.824549376924997,0.0,25.15859964398807,0.0,82.6593824861595,15.717169238001286,40.131356534940394,0.0,33.1489896940371,59.341504300526026,58.99193719816967,33.17060189388886,50.576522352787734,28.348663503301633,9.773156161939848,48.29321244059108,25.94013454396395,0.0,24.14833074953126,35.287113179260444,49.41031064129035,50.96079978523993,19.745242450489634,0.0,0.0,0.0,0.0,0.0,19.498404071306393,36.96925737406274,12.605493269011824,32.95208666457871,35.80609458242578,11.819115003465374,17.147853729834154,38.80636219323274,4.826738357543945,15.121083465497199,26.091137064296593,15.30802311977089,13.626001026816148,21.25099251338539,12.282639973210163,24.961446998549032,32.38345019873834,27.086780884568714,9.651862584570118,37.374660018583505,12.254528326465374,34.69741267609162,15.379381578820245,35.750885864004275,12.587890436616682,12.333581619568013,23.665638336014723,5.387761609818908,12.82104862580771,32.567560261510415,37.20685889297867,8.77621245182062,38.46700745824807,36.1691792286675,38.078566286417676,32.29555020307783,32.08919127919734,24.79318870366231,31.711797843655983,41.53510483985698,10.178552245460327,15.307512180951601,8.184316396297353,46.36778674942985,21.133542065296165,32.09926435490286,37.29611031566661,55.96886444091797,12.197854756483872,36.22574411222923,38.634539294656825,6.514568090638543,33.917623993922135
2025-W27,Mbadjini Est,52.30465135074861,35.277097644254255,51.78267833502281,40.40088695736166,61.14262371714905,48.92623375962416,111.46760995858648,47.2875680811653,48.90729112583541,144.4968969912131,109.74440331931837,84.30267095574881,117.64580563060844,104.86930818601908,124.40074156947591,62.2371721021884,103.40102178764147,184.50007694485737,34.911540879902496,88.64284578637407,34.326712259278224,112.55767423235582,47.37432149896034,54.57461918353944,36.16423933930747,102.87631420285258,109.65867029600881,63.93862460210572,111.58421284172692,55.349370733594284,135.95312715155345,50.97537370248519,50.45521784992509,77.41750654314087,8.806291143340644,170.50091697529044,91.48476078151424,0.0,34.68826600662205,113.12008407456506,78.29374991216673,99.01527325673337,35.779287785887945,71.45326455715926,23.897713594108332,169.06974011363553,110.01828904450561,94.18110145519319,141.35802734890984,102.8012510203776,79.16332507875738,117.15102348978375,94.38817588480006,72.68191058553478,52.5474227824744,49.58473397621654,47.427384006771575,117.04235331785205,78.84041405980177,70.83819355657225,118.26505560881472,118.11255337102052,96.00653286104613,135.48864611295534,81.92645558850072,128.12091115421498,44.57821790774201,120.495710047049,171.98114013671875,128.38475948579307,104.62007199777116,116.93149878727834,79.02344553533864,117.8895221990246,123.9010142354286,171.98114013671875,93.18305637411494,42.47818817125728,109.68736282717826,49.92145363377162,72.39047336020268,77.54455682483513,119.94368941978097,64.94971202949836,60.00817237154327,37.331597350473615,129.0238611384201,118.31412777258026,35.75113690096253,32.08039996785978,100.09950048899219,74.80620788892317,109.95910808459271,86.3913936924489,133.72349762002025,75.35136019570525,117.87922975921306,40.19471682893132,154.36979678111257,171.98114013671875
2025-W28,Mbadjini Est,94.00954484582438,25.150980144607644,79.86200990575836,109.93263185544077,25.854907245264954,0.0,114.11110118750382,124.13204988740344,80.83329516659614,63.457182612526125,105.95083531387294,11.051038141039228,146.83703324540448,134.0575556489414,101.06629713024194,100.28220189312988,137.04001988699608,80.61558055526301,57.537597047615485,173.2170931931479,87.87970773656745,142.86951749637007,83.10586366943689,10.605506208466181,0.0,109.36710306555413,128.0081419917842,40.322343782031474,74.25137505707005,54.407428134887894,91.69083932001666,62.97005095452701,98.0516214847211,79.59473964287548,63.321794302182056,182.2820308426696,64.63352090692291,67.77761982280236,41.181528889229725,147.6704145790528,65.90227209096398,90.84844067325754,144.90114991760106,120.85544313332969,97.48362063683673,130.32824257949352,105.26126675392813,120.0927195912378,57.97088465260673,98.41187186710332,99.89858684879101,78.68766238670172,68.17035279489122,103.5499203583193,99.64700957666119,68.57807905472836,77.72800311333313,78.50637242794969,103.97181313841493,94.06624568154734,91.03310130541699,91.4225917812022,70.74485429166695,74.94387337607961,38.00170657726433,103.01378061478478,76.54124318815707,76.88261462506614,69.62880853096553,65.97301549263203,89.17095412367465,69.14351923607056,42.987008967844076,102.07435048460016,75.07205318460375,75.17350896624502,76.43180314351974,103.60292561645531,73.32394539644713,101.34958499293442,120.60726343403364,92.13329515630336,76.4554378930378,100.5654924502342,78.16330997770808,75.66008244484478,81.57293268454812,73.20274669073568,47.27677722590098,75.66596170157135,49.73632542707024,75.60491025705403,84.93657357562574,114.01846645324457,35.46425426033919,89.76348333122023,78.15274448555064,32.44770050048828,69.78769706152083,49.06248415976554
2025-W29,Mbadjini Est,13.27662924948099,90.379384059541,42.27760040666654,86.44754166649206,79.1109838755484,67.1639888009916,133.06047918482307,89.77292506251298,34.43866077392407,105.44928034871552,155.47046510791287,79.7597745764372,110.46913988383852,84.65032114815037,221.64248469255455,135.8221591866531,107.68604765314612,83.53305483154699,0.0,130.69565289140212,53.39407752254797,94.45762633444004,47.19998867686532,88.06436356667801,128.93676016083896,120.16712964625945,61.18736106337353,23.8504217600439,109.09529958066773,122.04535880024511,105.5604495375492,76.86334442427419,78.22471944951448,133.17339911980565,195.8888409870841,110.67110425167486,22.73299849831035,70.30880110910995,55.618907913487206,115.8386766050709,93.58859870406481,6.786614372991991,124.12305720974348,149.26256132813296,144.52001626770462,84.48763332605355,103.93558538963376,76.10350307454581,76.0006081956119,62.242322393171854,61.01454290053601,64.5745719582214,68.10525574769133,78.38960422250632,31.33027458190918,50.69893914856898,45.69568657287833,80.54404163748413,65.42198564047713,80.29279561436046,62.19211393001637,31.33027458190918,129.34212764072572,46.08456537314641,47.40363557392242,48.927969105531325,176.04550170898438,88.29741893071456,87.92509359550506,176.04550170898438,45.65002565807302,175.35243436823686,58.021887068686894,89.29852201453217,69.71722052032834,66.6154258806052,120.4857784552954,49.23782627209451,176.04550170898438,66.35296382910542,94.92543937824912,166.1956934721308,42.94914133494942,119.29363793989693,84.1163770100729,101.76925167951626,49.23279341656867,78.45853902917558,98.79264393865371,73.07919576596622,49.90326912922948,63.58594778507711,113.20798108178384,34.70569354736186,101.85450179506734,176.04550170898438,31.33027458190918,50.60373892168676,98.86636415639676,43.800849606296424
2025-W30,Mbadjini Est,62.43214802989055,67.6456932168966,109.05472327307137,44.27845889837451,75.3765019983452,82.5838847966024,91.49109559516079,49.41885244233712,115.37270300487151,169.6418404169132,113.33716154604815,92.1731037180964,69.9451069620014,178.36077946013947,118.92194528684382,96.58683591238275,140.0931047494002,62.757801595111104,110.96673514788412,119.26382425256321,76.06410559225463,200.90144450871958,117.40363518230768,48.035561657832154,107.43158680621397,90.26585055447241,126.60973082142164,58.898654036837954,98.42609522023086,0.0,98.24169698940618,139.5631546497733,105.71650236009337,115.51657109252307,117.54539237416954,202.40404485156398,88.33587762886957,138.47030372296916,0.0,0.0,74.26025012135776,0.0,150.6922395917869,34.108315726442754,130.15614182586827,119.68617144957673,73.13318291668466,38.76448082944232,145.10903348846745,118.75006743184333,91.20416625828197,99.0579386962427,91.01007324521626,65.65507018965536,100.15979199639573,91.73608529397629,46.24140451515337,89.84425742646046,108.88559534523603,97.6338278026661,82.88491871310656,61.34993842603849,38.26769259972241,49.72657316899105,27.10991668701172,172.6984100341797,47.00211138400309,106.49745385540378,44.951258230331284,55.81366423019949,77.77677952523337,61.66147487937833,105.64106103788183,146.22911462867916,108.64136885608384,44.905361083632776,104.52961204189418,44.88820807038786,110.62274734717468,87.40401919800159,62.98371485005381,44.91586325669811,27.10991668701172,50.13978061615384,110.66727324779731,105.58464473308912,164.7357280898441,41.16157760208548,91.48624917126179,51.28529540081671,89.71145512649463,61.225258392316796,55.78884294240394,89.91468884054005,44.99595598194654,82.63647157858738,96.49078702481827,43.67532339137323,111.82225213464892,86.12430617470112
2025-W31,Mbadjini Est,124.41492079918338,135.66240556474855,94.05678549997526,82.12280427457497,139.06955139674596,83.13169000494999,80.46922365502205,99.23325374912953,32.602688390868735,103.86854909263245,155.83897892396038,132.9112568525747,74.43560010313841,67.83700621516354,104.87921781632616,95.70140553262398,128.766964585238,66.94362490151886,92.57526085052703,179.96322915095047,90.15739412419188,61.8348429179745,134.94674574521753,91.47693034256572,58.51988747836434,27.84565369072655,31.247686985882382,101.43782597964831,67.842705691412,49.43000735851281,134.0605141335506,98.58039088340016,68.81733836418582,81.39241186518232,155.28463565156005,206.9990426139533,85.71162984676077,46.32173316562754,85.22073727003139,82.1861853450748,152.60601045733787,51.23523099132638,88.28951231321581,45.44314757499617,39.573568092454124,132.80759840412156,60.42290936163464,96.42270146991274,106.18506526827011,114.55406314604123,91.751863042985,86.23285099979194,86.96923963498077,87.05337392908852,101.30102778921803,85.3194628573262,70.53763167566322,42.00799027879844,85.21613499403541,40.40322231585853,63.52435641975998,39.10696742213922,84.77142390282887,50.67579449299834,85.27453250543005,89.72632377307113,92.33343149587745,74.80217858011808,84.77156586053881,84.80137285075365,83.07740764294309,86.261764058068,57.11469611260836,173.3675079345703,41.93878818925975,94.14788648358581,85.04537446460066,64.34026164842666,87.69270223581616,41.28060936223903,88.90935133316212,84.98762229825502,43.41532141845803,41.03980672378324,87.91117515708171,72.555535054938,101.65661679663036,88.38681043781483,86.80713773439501,70.590948989271,86.95474023212834,126.19537794733672,41.623225074021256,77.01330667714129,62.00741954748995,80.03787401727385,87.55122481440938,83.11872795388773,84.81774320168617,75.41570945574703
2025-W32,Mbadjini Est,6.102319574599548,80.44853783322105,92.93074288702078,45.93628950737443,111.08126727395344,110.43793519484552,73.92761394234215,114.82893694459572,108.72407868812446,134.0464785104633,211.74959782092847,22.198837380880505,81.47202572064823,129.3016377088034,78.99974941174831,35.377039360719436,92.40697311677685,225.8536905677586,52.14026697745693,116.5304861919485,133.9293963338788,29.563362271783802,112.99664949536071,100.62133236563866,145.90375516647805,150.7399833259578,66.82918714573641,19.77296148299044,159.40340290040933,29.97108961980051,95.41979519684196,80.89448067648028,39.38709362978746,91.46467608921938,174.94870810875994,150.66559775977257,124.16149131640856,119.77395157561445,28.924917535003246,129.03448522785794,100.4558164106427,35.667223925284816,82.06611101973924,80.20366073665129,76.16618443482966,166.79944369885368,162.73858165091272,35.951692456835744,67.50055310837662,120.79507436158207,40.702754356727624,61.02496361708479,91.77243455346037,68.93213362357147,63.11986096791061,75.72744830473432,34.24875233579172,58.661434663924545,52.19195814345649,184.16421508789062,72.97109378077718,69.64532638612285,26.31753158569336,50.1144223525962,70.33491890345758,63.121041474304576,102.0782328696513,73.54113146535038,64.95269776485898,73.37001283996739,184.16421508789062,65.62612769277668,70.60315637290775,100.2531964647008,57.242751352331815,92.56119080293473,35.15389150557097,70.83059663877965,74.59899862841561,69.49777254070996,66.01575906481347,69.62496230817771,42.868667879889365,50.21407128285548,61.03981962500386,68.71692615069027,64.67205249695544,56.10082096658776,92.4511841157622,63.11708691588669,64.88347805005466,63.46107084064509,49.79333845670668,73.18550585122607,65.00767975315843,26.31753158569336,162.38584861097377,79.85587920260433,73.1177459550854,92.048628508751
2025-W33,Mbadjini Est,173.91177834396,92.76645797682141,81.54978152018754,0.0,75.29535640346663,52.82892400318633,57.75729955915501,89.9420897747867,95.55262480909836,110.665961284973,118.30150657739043,130.0016443869369,101.4074082496974,137.72770123264888,158.63335574149988,40.66964114905742,91.15144433787925,122.31731216872033,57.54397186454838,84.03496855254313,104.4102949064633,45.777387124043926,99.70138338510294,70.63457402865,131.63761226332196,88.56524123081755,129.38843275569806,48.27022652428582,105.12021052656631,150.4693105475435,46.29086810722162,146.83182288055963,190.25291686974555,129.33266096258265,111.53527387966128,165.73458013036532,138.3919368942643,74.53730601159525,87.0682367923039,107.18699258298058,130.17395770451665,87.7996464255602,0.0,134.7285267372039,30.697109438674076,96.78958614444485,74.01153787465537,9.111846099459328,153.75291612905767,85.82999943081295,105.15775447186024,53.14909823796581,60.99110380709779,60.90699496537257,48.43727857732745,48.07566619883806,34.754564331956225,61.99348840390039,67.07231823824841,65.41544775662517,50.46076386310656,44.59599425192111,54.87341947359012,58.58151069508561,111.48500376089989,94.77998379764735,109.92440542009484,88.51111742795557,167.2488224176813,54.9694672680826,30.220591806810425,33.410435598138044,54.31844762419233,48.39047881855135,39.339926711578855,148.7770428700589,42.544708528625065,158.8032469253935,65.4110833447529,61.68633420072702,62.013954551900724,52.38681346306912,61.782784061845135,40.725393679330885,123.61477352689627,48.66043544133827,48.38229668725933,62.86997801363928,61.95912507916393,54.85509023187569,61.5367784932364,38.805332379949085,62.010658049445006,48.458699268138545,48.47309573045596,38.94281781978777,52.501220043456,52.358520957240515,54.87789109432675,41.50239884794555
2025-W34,Mbadjini Est,35.05783842816866,52.01782797738238,60.28139375690336,108.47106862843897,81.6584771256004,0.0,79.51984376608014,115.0458899948365,28.204173365924134,64.31188627792481,125.01219789954784,103.91840442637407,50.286163611007794,154.12769481410595,188.8293692182951,66.2958734630026,126.62677292181397,209.9488924048443,52.03007008126695,65.65337583773137,48.889004467755996,62.181804142093775,76.75226172419538,126.5432515747672,93.76757408765974,162.83866831733718,84.83858994610878,0.0,160.03060991181525,80.74825428221672,116.2251162174721,150.75068564162,130.99750812262695,187.84956685586812,126.50117493771157,81.1103639165913,103.40008566475055,14.51256199035329,24.10207296679362,135.72523139531992,110.53054870166334,147.02464193819836,56.94951334175475,96.41254568976974,75.75787986896532,139.9854976415822,138.41448161936447,0.0,54.7064913387119,27.79114083535135,36.003162683636596,53.78381447833196,32.14911153907349,63.731499569588664,134.07244052389055,45.78907977336312,102.93379287266569,30.839451642176947,28.93004578089967,65.4523053072754,67.06145139170543,89.1836108705214,30.081075476059493,67.98965412252736,45.0579305274761,44.548115992189075,34.637201996922016,184.16421508789062,30.649604895194827,87.45490039417433,58.25248634195305,65.65185279112546,65.31184113001423,91.13750789777275,35.27619692272369,27.4387264251709,56.88725003060938,44.87892087215201,31.88339279568418,35.46131605224321,44.72199715907589,30.744990942932755,30.0890083940457,110.4909706803499,44.60175902655734,184.16421508789062,167.01200498013296,32.86397742950116,65.35851597793993,56.94121456861319,63.999161104715085,30.832302005455116,35.65232321040437,30.766535773632434,57.02013962486492,184.16421508789062,61.1448428050279,65.29793429019952,184.16421508789062,62.06663735843528
2025-W35,Mbadjini Est,45.48456128542678,67.5717682132435,176.88205225996262,36.5443888946797,92.31430333619201,121.05266888829807,154.0798637649429,108.33625092492916,15.713860842306019,110.9331107161871,59.19426409548911,111.26104175375414,52.50349814676059,84.5032213508205,105.22901949832226,107.32490305435967,0.0,144.47207408859086,42.44156463412722,30.374548827318563,123.90475002013726,142.20821892577595,139.66774323115033,93.24153550466896,45.226049082452136,113.30333309618916,89.16945757892073,0.0,138.85748869708482,113.9750214926125,153.2273025536011,118.11912595294282,114.89954655114087,153.7517697623976,134.06700093448785,88.57339306683754,88.5436861434271,113.11500668203372,33.50510355474968,84.15591988516127,160.73387876028653,140.2991627520641,77.57198783644056,60.86584592778522,112.9239532763402,134.4805279319678,119.67645776248766,56.836459850135,102.4225321288722,129.67908249628573,29.129629012138576,93.63905350816218,45.6313365700846,26.65411376953125,49.06457888689386,125.53655731483131,40.8865519293995,48.94275412587661,36.781498714445384,31.984998060138743,33.297798220085674,65.49893026875827,92.82707220090833,36.49092363870579,41.72878848909543,37.16761621045843,26.95671773426387,51.160942311407354,64.88512626122122,55.78397576812185,46.58600493260001,51.39354189168475,33.458468433474465,36.61483489566614,121.10168504944673,67.26642111862886,116.19717714099352,112.91570066802764,55.790051625186656,119.17575667932331,46.96925820874935,26.65411376953125,32.78047974195453,33.97389075974417,33.47333479340676,44.95507885194146,64.91568504341524,73.71379137701243,55.15177123974539,36.54749942751248,66.39941221470234,45.11661523886435,26.65411376953125,41.61124286265963,43.73483164091061,41.51478658552628,82.24718922914724,67.16565454159227,64.30121680763074,36.1712829062368
2025-W36,Mbadjini Est,0.0,11.734197171669763,45.12381199155383,115.58277486248178,0.0,191.65781132604388,85.30803807808796,65.73968457639658,108.50497391899177,156.60969633495515,84.97432215390407,16.367941941979694,17.742511479597056,125.0035344872305,162.23853370347229,124.31599198297786,48.06967935815007,121.88235147680922,132.17256732186502,11.006648956206305,149.56739096175,149.40601588107035,168.3807303834826,66.63449901707457,107.79827110188435,24.04794595837869,88.99375128957668,80.05100686222077,117.78174699852664,102.17006146205642,131.8522971859654,75.47844443918407,138.56074702196523,198.40327260192822,63.21073702499899,51.09941673236912,73.49888493071995,134.07681331692658,33.066037262885395,171.46470360747793,46.004413146817384,43.1916351473391,145.47814838126908,24.061291953538927,152.48857906251658,143.28946441714578,62.03960358312487,153.02520875277577,63.08415222737465,138.76562837452917,80.30633765067549,60.60398727922458,36.593700180245875,57.51425123614822,44.86525315625616,43.941461238345866,33.88724881553962,46.393280322223525,33.77551742435691,35.005440113543195,34.11405498549152,150.88273848943774,39.45701010200622,40.82214886447232,39.68476830780295,99.81705408267929,50.90486833495204,111.71973322783998,39.508597687032285,33.91736108477131,49.95305413101383,40.127984218476854,78.3564857799348,95.12087416766127,44.5438777694985,178.48603631807381,49.50088545977786,39.40924500756737,45.025788340414174,28.4202608096182,79.0454640934322,33.78381365876338,39.57224515825287,51.23645516610198,29.492070676020948,33.66174589767527,62.87007384284442,33.620134497871256,44.67636804011316,39.8249992306733,38.81328051700086,36.13312103308211,67.8574812401988,146.77668777496748,34.19882684899269,159.80012294656876,53.950663758928364,56.98939409858586,63.19196914325183,63.14046895584728
2025-W37,Mbadjini Est,39.26106161682294,15.66030507768778,115.92598762495263,142.11713722385932,28.084859895891775,76.87356037353503,88.84721218935084,87.9560229074302,63.513687094612415,106.04620110504506,56.74328239401993,39.908863025477714,39.784355063184265,65.89107044855706,107.4752795781877,113.92380848358295,109.6225916536619,59.82541766050658,17.662428047059436,71.86936058076272,143.71361570671888,5.657510084464732,115.31491033240991,86.48942251639613,125.37058855033129,146.6903065796432,31.10073466300944,16.937320754511404,156.38451923384088,97.96138463690959,93.02522182891026,103.29423131216606,135.1638562985937,86.35312900408141,73.20169601521923,38.32271404315078,71.84736384106051,67.25625957465374,31.521717456887025,135.229408090728,106.26386751617962,108.27065339458665,61.771026293662366,82.56923497776508,160.08100009509732,174.6898141277914,0.0,103.80203417596101,40.722655519608175,102.22697292074017,79.98703324801765,43.9475147919411,44.26963025667947,40.480168469138434,32.657132745988655,56.62582733214251,27.399026275853313,38.99330385115319,32.51234291372166,35.6578292733376,52.14112942012955,50.49606868701606,43.137704153195266,32.456468480822004,43.31273993213302,41.408531087455486,64.14137944673861,44.37583877292548,44.03551646131946,43.98569971974704,169.8812582868187,65.49117367535503,44.094355044480906,43.901367685600306,26.315790003008694,130.4385816226447,40.330424005577676,38.535262635193526,184.31204223632812,64.10639578817137,29.488339912407646,31.69430368591938,26.167294205927806,46.73197899143461,32.20025583912272,117.451895211144,121.1486078110864,44.30927426856485,48.692487145257296,39.47718583080502,32.01134572960501,64.47750472197853,32.616385747052526,32.392932133733744,40.074548270573594,26.091102600097656,43.32214175202844,63.88874627713762,74.35733956564933,47.272028204876996
2025-W38,Mbadjini Est,26.37544801516551,0.0,161.68070249896843,0.0,1.9679450261953093,181.64737280385918,56.49218303524641,25.26989394573077,18.892478476031485,127.27967397089691,107.27919664197651,54.73323093127069,92.29851158379017,55.32908984343561,99.07763720338703,54.29226135089169,78.66413903433329,135.0672677466034,0.0,122.76695283884882,90.99333576885687,61.57606383513823,138.33172525538896,110.05510186400042,105.39039613538785,75.67597774757303,23.878013611053078,29.220168443995362,129.8051041653124,42.32691429695016,128.96444014391756,60.19317132633909,136.49595880274774,112.69483215367237,110.32840458637983,86.88357267692638,0.0,48.05629838170078,57.56397437717416,90.55792082867295,53.00885177684201,83.75935799029989,51.8380105851078,103.75299438511128,105.88861944351444,114.09861012587159,88.63636285360201,158.43878630514268,87.54424596559431,51.13385264302327,87.19456160151904,36.550159955580966,87.50873015161169,37.4902012219872,33.822128157639845,136.66216701181068,34.602858608210234,26.321572997809742,34.153207597388246,35.62962706037318,35.231677180261116,37.812190079379995,96.90245697455484,34.76357033870982,37.74322530329312,34.97555598872348,83.03940856422732,32.91023066376203,30.927211146586647,37.428648872981995,54.3659636489597,72.61165929738573,39.46430704801012,64.17852809614782,36.25374907895175,27.062147498418202,31.426116826489643,27.71259627414933,34.9397222864999,37.320033315322846,35.36056955799684,38.09764334896972,37.1364837532405,55.687033484614844,53.291381570756265,34.90489939009051,35.09844080019562,38.88737871493964,40.34156381352672,34.89413121899704,34.944120911311984,59.200061809163486,49.14853198330753,32.20933265202745,36.87310543761577,99.80928909386608,27.444089950447115,88.56681589794809,33.04767206704491,37.50392235551104
2025-W39,Mbadjini Est,106.92112561137616,78.30417913086633,158.74949719952875,77.79111087037784,47.16998586627218,62.34916975822007,69.52609620045283,57.2627555227911,44.756699189025895,125.51718787290062,171.91840747301168,25.60355491653958,119.4529169432544,30.974732652058037,132.01079739504098,90.75369447603065,39.542118240315986,164.42698108091628,14.753395932991992,117.08541087214951,136.12773121683094,51.19430018860435,8.309666039540573,25.177637162570676,10.334063262487916,79.61320041144805,35.94653289545143,0.0,103.62122882875181,147.8805658926538,117.53275742795361,66.02764770944825,126.64779666785675,24.45872027880465,103.661582980599,70.17819732976697,172.308074595372,107.02076342401193,26.043782868484257,140.39065046872105,101.16398590778601,124.27472422663314,133.26163893999063,87.89281806042118,88.96444878232244,158.20461377738962,39.59005583913131,106.79185493895292,109.49885432571658,202.8273346618837,40.21644493567526,30.521757125854492,106.57125464373155,40.257240678108246,148.29622010790357,37.78276671800737,87.02832224062546,111.37689278236894,41.604602166244895,35.992983977236236,56.701186713404184,41.40513721579883,133.8488924687346,40.23636432656334,36.69737045402594,35.5424974807642,57.20205635065552,177.73105168307052,30.771688067978353,61.07373083382539,114.4975162318865,33.772188961920946,34.776447347729004,56.93632075598706,52.46555389119228,33.60184427009373,80.47900897498336,41.03691361800626,100.9361649313089,89.44525412641156,76.20725455253573,40.97654450427533,36.31695364378014,40.89693383936056,34.516891200522224,55.775978181179596,35.425076902520374,40.93863058179371,32.717919909206124,38.542985397339784,36.27624429962028,43.597219287127,72.33189828042826,32.93624929548962,83.73509299019794,85.89195619571328,38.78847890563186,55.781512253596325,39.65445806127798,35.70428035383737
2025-W40,Mbadjini Est,79.17186500499815,12.169098093681399,89.12288821917512,72.6947909305895,103.15368505973274,65.01356996121979,0.34852346307496873,127.56735456890831,101.92213099060783,123.45605881496712,12.387724649196798,116.17482688669445,100.91573284157398,81.94424015613855,109.10821348750571,92.00108063521442,114.02906201911969,190.15320575399892,0.0,172.4576239803817,86.22177999973644,47.06864136023493,156.07252650883453,48.51844379714244,113.0912252764949,100.28825745245287,30.90560025999926,8.67646100581085,160.3357847730294,101.05062713859994,80.63750695660376,125.26992749427768,94.19723761827213,74.86273871173655,0.0,86.72834653434805,53.77538362471503,85.96003502140557,65.17717893155726,192.64876373286234,18.95045657592277,104.9226758808958,22.361307495246223,157.2682123550661,84.84874081125021,154.8160592472331,98.07431494476475,206.63972192152784,93.51250321350666,81.57343060778705,44.44499368341307,36.114584595888935,91.4587738330142,112.44409084143606,80.7365710369449,46.13282718191449,45.90014643473381,180.69699096679688,39.05164429505461,36.09284899586932,46.105110648500144,41.302663664763166,41.25509654384214,30.417503356933594,46.93766897451024,39.29872800021616,38.65401922568364,32.62083967723272,41.536015307600934,91.57117813579403,41.360843734381746,52.51502710464166,61.83147920596151,41.29761103450286,80.74110747248453,54.03604651852993,45.97772844515377,30.417503356933594,31.858240131297414,180.69699096679688,66.72674447890697,122.45624625937175,99.26550704528123,30.417503356933594,70.3973455672872,42.20687859173036,69.51875109112723,30.417503356933594,40.4463137084411,61.094106312688005,70.84775663401754,47.03860554407398,41.066364483561124,41.1667317325807,167.88341525603968,42.09822847106666,42.17027640738104,45.65159132229211,41.84732185141306,45.66758383751867
2025-W41,Mbadjini Est,18.08668454594317,55.99025923140322,70.70920629105787,66.18145922205252,104.12920678666059,66.93786151153526,67.92222366837255,141.5666524659678,56.28666046840236,102.97945187268535,67.8134876220691,149.0746662605903,175.07567053443867,90.76885037112993,126.68531899653871,37.43046609046354,128.09634847932244,150.79272226750936,34.43536738109265,47.215985565231094,49.90240218531399,47.702527275358285,136.2927050651733,86.41938409087642,65.66821986277374,145.78225392955653,72.79755868831374,13.424523614288617,90.09245970644452,94.51051552647151,110.90255189088136,106.20330946579028,132.5647144613633,31.79710251771128,71.14130055186918,76.96077152374622,135.0424378163811,89.50517817683283,54.48562017259669,104.27780199527731,60.59265144090461,83.85453151667878,127.33022542214582,61.71094790454244,61.27389255164525,120.118050368659,93.37744789963057,94.91493632469167,90.03682646965366,112.83327517395789,43.61306176966836,77.5358918137793,102.07324330567658,114.2535096501748,46.58169260677146,43.76497596437474,56.10706017869193,80.2590459766774,46.51450839219468,54.757539826394016,66.72423204742898,53.690605693295794,66.03650922576877,38.02700152325861,45.17672655143662,47.532135176317674,30.962337493896484,84.39677102695438,47.9865294512183,37.172465005245364,75.15357231225828,59.13939432378512,68.36334583121847,42.81287471645578,83.98391094936147,43.28793950869594,46.899366490907575,30.962337493896484,51.51542550765241,59.426495944204206,46.725532130749954,45.122722909963585,74.63080427178839,53.81487751722902,39.17497643693193,155.94189316021078,56.62724296115125,182.8324432373047,176.5200557075566,107.28077089141533,67.8033433934583,47.974099374049466,37.427939076482154,45.510765692252754,69.71687124909006,45.274089591194816,87.68302204605483,36.92113228183348,42.56275543244155,45.23908857096559
2025-W42,Mbadjini Est,79.84331876900671,0.0,58.42528717930452,68.04040852460633,69.58729155907392,56.06838417246196,111.99885171298908,82.8909137640813,30.988529900532946,43.686603857352765,2.8231942456337578,52.9212549174644,57.137735340835306,67.43621799022335,68.46574595724576,73.57324864674061,87.16091630145708,172.14019542713527,0.0,136.72228616833348,88.41533123677705,140.7090848673779,153.6253871920834,0.0,63.397438418662816,194.4629295851625,58.612960920664435,0.0,103.62163798666685,71.1963918732367,131.2139016150188,80.65985653197738,143.1217820769941,72.67041971185631,98.2381612010048,67.49682417437953,90.66309083529774,104.62114595171845,92.85572085544061,137.89415404329742,79.65627063168111,53.85159187936033,60.669990062589974,130.99295020154545,103.53914732123178,153.077959890898,87.37534185208067,88.0266417877105,35.23218370902296,101.7346331968821,46.17784291625331,37.47051795396261,39.80233942279587,79.58381186600597,46.19145117730281,32.84937190769252,29.451736450195312,46.18854853595032,40.201158044200646,54.173145510131015,67.4704022703737,41.87802107653578,48.009569030395596,39.83602077527429,43.327742776615445,93.25370948291256,47.45692372742208,92.4140737607273,41.793546146157105,43.935090671120754,46.187877143067624,46.190305915040234,180.69699096679688,37.799151810931335,82.87111231949925,85.99962915141406,47.5107865782946,44.20319282089529,46.795264580406375,43.179708526005406,68.76699082438262,46.19514834824725,110.9517599626008,48.88303431394845,46.64222336855299,55.14272407787716,46.31827460591815,99.81407588394657,40.92121493393316,177.9959029838506,73.24993619669654,85.14789672053361,46.19105832794285,79.48855828646525,43.40104782534548,60.54518009570697,39.257831533960164,43.40742944859583,46.1812940764257,43.75812060820628
2025-W43,Mbadjini Est,5.923771208043604,0.0,20.859406642327556,9.385765854367548,101.8619610295199,152.16806937384047,0.0,57.02751826552564,104.92676589517758,62.398187905513765,109.95491107879883,60.02181613272711,17.493052210158126,46.02607880615171,137.8434379503433,84.96230062737139,2.6111074050531045,156.5261521979566,0.0,119.51161076997265,128.18531722123737,64.38340259355898,110.13500876539776,112.4023164015703,17.78631791115731,76.40999250968936,104.92024157908621,24.710429159479908,173.19724628244035,84.00332548777197,119.8864982089033,117.10663577963223,89.69968953020016,109.40184196670512,19.604014409781563,77.6916594831074,92.79273019110734,149.72084301712562,44.792946656332134,113.87720016631802,0.0,147.69141614087815,43.524798878402045,14.504998139445675,59.0069440143687,57.72978977189691,127.30499004551547,104.42316831879226,152.8181507762865,137.51423551070786,52.37915518678791,81.503343226055,48.43019887635291,62.115217072199435,38.07046255576655,62.16194890703024,69.36965171868158,52.421440608424184,61.89771411516665,104.00411348940249,73.54690696569632,52.38903236723795,53.21169746039432,63.28110245436978,49.81487076042547,75.070650937266,51.1166198720166,76.08391528958285,38.522243049705295,33.98514871179774,182.63192749023438,87.08318353828973,89.67799125460398,142.94837188297817,52.66155679211341,49.56302637794813,42.07914909722566,53.46135162997974,47.8069882080592,116.63366389952803,30.362253189086914,43.585625281949824,48.31001053063365,46.14941239562121,48.06613026351717,60.082588571152066,51.097542461869224,57.85295843129553,91.11399539190572,56.87072512462131,61.45404859448244,52.0514589283724,44.16296210140442,50.861132066011116,164.70184036143536,58.305389148472194,49.15526595148543,52.79487959955169,82.79096540267346,60.551140442303264
2025-W44,Mbadjini Est,84.28403669738047,0.0,48.28455177178015,55.56345080894116,125.16009357745386,91.23130275934918,0.0,68.33919481835478,44.432494778527214,22.729478051046407,96.17847835922993,71.7527627295954,51.29925079604033,15.216179895095237,139.97068463780116,51.41178905885343,91.91683473745044,53.464898939560044,30.75038049425566,101.90836677802412,131.12801045797337,45.024314974084255,179.24679842248176,83.58049732135305,11.271864596234067,65.29547104611096,32.990230839487154,160.53685010512356,63.96086768415241,228.26054027233994,51.94317140764578,146.79047053342475,32.5002275402413,81.37650555361083,42.450315968843654,93.8982080737973,124.85099739287287,120.58288379017915,32.03715861847163,102.7870006921328,69.83348227507646,87.26789482103325,46.778931092645976,84.05804514577879,44.06493321459834,56.55814806873485,37.06211902284004,170.2343712517237,70.05734276771261,69.31027899225133,50.69138314781616,86.84525095072127,65.85237365555697,61.290660470907284,44.02807787584978,38.67744166812814,166.49966051750152,52.93665581429076,47.07289942979045,51.901911840270756,37.75082121817425,76.70970669118209,44.63349538356345,76.00620873676297,50.17840418394743,45.29661143559066,32.83356808175292,76.02594752895217,43.70696279290697,36.19376242098114,75.76518053441013,46.761487129159484,46.88488771368785,44.93556213286384,81.5680799610159,45.67761703824999,44.48814134190122,45.942112444660424,44.32949681196686,46.14999679170455,38.29616628464129,43.24738731542833,47.08267108186268,85.6884461218041,37.047323135314464,44.5440518575705,98.12934636276844,87.83060243797486,66.094528112144,44.891655856440316,47.10234802476457,44.51130676523009,41.167770004406584,46.824569894915214,50.83397623756639,46.78231338413506,54.19529582574554,45.65788917877004,46.75265770995729,75.98194930169194
2025-W45,Mbadjini Est,0.0,0.0,141.81261426553215,38.90876192011312,80.58155814579843,111.32221992902771,114.40816897845143,75.11049138566551,22.066690054429316,144.87037283337332,39.923224027447944,19.616907072821995,92.34527178020298,62.26629503746797,91.10014397202508,60.39778712613683,143.31244831473245,168.00631920222165,4.4194725128402155,148.7060175027809,94.86226333162122,66.33899860681211,107.63533415007886,52.27262453496479,54.83284663424577,87.88784323119208,72.19645374625472,13.919389426663429,68.48326124894211,132.51196431265637,210.92450973225033,113.87491784845346,50.21432182983887,99.96624846605505,10.725145495039783,5.9248585360627715,81.7487912768049,134.85264885597843,121.92607294190796,123.811051850063,126.19630828951563,104.20538181518468,50.09588401150315,86.17500437745747,72.36666214411525,97.12805483879848,103.10327593280724,187.4595928156125,91.87436045197138,102.46828329168497,95.97333295994952,48.578471205045986,53.8642399258487,47.919516989626494,37.781380214495684,74.3275974914253,42.38735986807257,50.22013767772025,51.91415773439694,42.656342986598666,40.479602739050506,49.08395395548828,148.73311021905386,55.96780272766238,49.124863665441595,34.90495859877931,55.1125563509863,40.44472234861169,53.73646206454532,76.23761235401219,50.17484547828129,48.05492664697727,36.59474028351722,32.13084030151367,50.311993113073584,97.42944618492778,47.31900219378865,53.87544112087258,70.96132910952586,39.27609022151631,42.172552599894914,48.81312924666148,69.86111102294095,50.50380460981479,74.09014277612424,92.87128627790699,77.10793013103138,182.63192749023438,76.564306422386,88.82416821723244,85.11340092044425,73.86538030662496,81.22318296533093,123.14008415872055,51.489561347943216,62.481097669225804,52.88628380220361,88.61024289672834,50.34037629447484,82.74611912450054
2025-W46,Mbadjini Est,0.0,0.0,63.48047973085525,175.80059574138534,95.97410168963265,93.05434670423016,41.61369197861136,0.0,49.20681120616186,61.42664884840592,8.0464063874863,38.82582509361386,92.88234802281154,40.428090563023915,0.0,148.7950127624979,107.20573378807103,61.6780763377182,48.139396276158365,66.42327227966902,62.59824075189613,0.0,122.11051992709785,11.373231269315951,30.629204717798814,96.94588577501167,118.29440607734605,0.0,41.5183222861335,56.61830133315341,69.64781212857378,28.57136483522339,154.48429983373316,57.87178672001505,76.07342790968463,114.54369697983722,98.09188750208475,159.10838310484033,83.5913304614775,84.31958677564789,71.41563864273974,91.13142916795849,67.64817940075937,12.57229584685306,22.455770644444122,154.65349986672553,104.77750738350989,95.94918861054013,61.66232358890836,86.10378058153859,80.5098188261881,164.35076730838773,42.071976269765926,65.47616582097525,73.31821088443714,126.90678664397358,97.81593733487784,48.57770355634028,48.62618467054015,37.715777278852926,183.471646786225,42.32561703084289,69.57701200681088,79.40664134553461,45.97010991600247,40.178292540115,38.6385653274976,86.18097190060492,48.133311751977274,34.727622028450824,67.48362064542509,42.12399413600591,86.60145521056909,43.59074406331768,39.4218486567692,34.62511651308115,48.1373954759797,46.19134198206054,73.23775036864018,46.59180663435839,44.17813938700138,42.60175184033064,42.96213124321076,118.25928957515868,37.64224919076967,183.52618408203125,43.89441297907288,34.69370143411443,42.062394439598975,33.59613800778276,77.61988685544229,48.14278197488791,44.07063749945059,56.58734275834993,51.727156816685316,132.16141847106485,163.4360243965435,59.55600727213573,85.88388821223685,78.36224484247417
2025-W47,Mbadjini Est,4.515041548755683,0.0,106.53573485987536,67.35910671352359,64.98920939759087,71.14274805674313,86.99677428476413,0.0,63.368783321464434,107.57675140223512,122.66430033976009,48.11724426033018,112.73883233410882,95.84555780827681,57.40435413500153,43.179146119801764,154.1649603525134,103.67662074940674,0.0,76.2385147565057,28.890980715564886,72.15775380096662,109.15325631922761,70.83295127718773,25.338629803448356,89.18213255159225,97.82725933271789,3.337216797643663,46.518533893601514,124.23387757107346,20.564170933080803,89.66485503949879,108.90583772247797,91.52769184663453,121.35673210139683,3.3767161454298957,144.87405577596087,147.2426690560481,57.99139213666548,164.8484961465315,73.25499407688396,54.69357868907447,73.27057581303448,72.771589324148,19.782642725971783,88.82070364645737,116.65447448033206,96.839602635678,145.33975210492423,101.54744929614432,78.59200048497557,93.10973071969373,36.526727314350595,94.38159658405533,162.06589252452406,37.01995844873752,96.57644187934503,118.4638473562535,41.04870284643627,81.20813396123893,116.26751510261406,159.47698446276908,39.04677004157564,59.39059632162839,92.95822923635862,40.9513942956087,54.138670141249,31.026996612548828,39.81446803983971,83.55525994911494,88.7525740649086,88.60793466902305,94.866448793668,60.078519476861025,43.50092772061204,31.026996612548828,40.929980749604596,50.31196553316046,40.71048481597113,31.026996612548828,39.95697045407275,89.72254338917983,87.93890557028888,119.93882554347647,95.48532738108644,83.89605377578532,39.29856730150948,83.66467855056716,35.18296405104404,63.879280243697664,59.67120632590412,62.74563286435799,44.304467368952665,91.72571186129903,96.7038425626276,94.62659104936264,87.87544088181511,82.04977022183313,31.717954719234733,93.55307156888905
2025-W48,Mbadjini Est,33.19201557019023,101.86333311193248,55.50568208021892,131.10130338687523,87.12450413704735,56.95792976322363,48.60643389572547,25.573279313035812,114.86935648709768,103.8853864333186,148.3460056154541,58.48908884881779,84.87531627906574,101.6653286398828,93.47266026258623,87.22971938864225,47.442064917189825,84.27450103440033,17.73685546003258,60.517632949912105,22.66411337150015,0.0,227.26239347191193,28.870672965890385,18.2369966552408,170.45850317063127,65.45818692209005,0.0,22.969337972644944,62.14478073610027,105.92769481842339,87.95894768238283,53.74027224332312,85.40635597610778,50.42968704773403,26.050036323342752,107.24932923333323,148.7555876631724,45.78957179621022,0.0,160.2019316802676,115.6252901611845,117.77621160038505,94.44763364108259,0.0,103.45261923637541,99.7525117944095,45.3393319454541,172.47124041598207,127.41362861437986,56.6688392662173,41.244825080750964,43.54425481152039,119.5873069272031,61.25737544134894,53.87775626611173,61.245424477286875,49.71997499108268,53.42638842804758,41.84152851270215,51.579648557423326,66.11967706497089,30.58497264354814,79.27133366746092,41.61801969482878,65.59189351329994,61.32116153040785,61.35555973927541,60.36183270503969,157.72197742905598,55.920112426428055,72.40699899285907,69.17168175348803,38.74457586621558,41.627969678503206,50.74984886662293,41.456964816127794,45.21562301224557,46.947208266261896,60.010100241142865,37.59710635577782,81.77065183820436,51.45824323480986,69.267379093676,34.89274394727358,53.40930474870828,28.675515468253852,64.43452285917269,44.342841541309795,141.73608856962943,43.35031589289677,57.38694647417656,40.55522955445407,61.242613944391636,53.179055032829005,45.36284198843986,37.58172772908484,35.45619403612512,35.64625954939595,183.52618408203125
2025-W49,Mbadjini Est,70.68917364025187,0.0,66.5028773288619,93.66499446652779,49.30488455740546,75.65391587201199,74.76967889271901,0.0,175.056496983574,60.87326712403483,89.42616816038,0.0,64.37627439454175,53.69668643510592,80.8485080179533,54.34730546463774,88.21269023777417,69.9587664506212,65.4781822914021,24.094587742353887,125.82208332082007,91.94079458762096,155.2539192821058,0.0,45.79632114701871,134.5323753131208,93.7404547964631,21.869512635625526,52.59589145090263,147.11638282035017,39.70838239833657,52.93506126919388,104.20916283416886,103.17932797877444,50.01102407952065,121.48617323602278,27.287796773107814,61.586465979382815,54.69486746763573,192.4612509849541,101.60853627693356,45.28805800095756,78.47277706571703,129.64370914943567,97.57255225484977,76.96720395309784,110.80307571224685,83.31746736114282,101.9937379284768,76.86947803735232,47.367605003738774,26.887096405029297,146.22454031971048,26.887096405029297,47.483508248715125,97.68623591463991,116.51601843464,97.52741873929216,48.97268768301229,182.34142086260476,28.38952005160722,183.27813720703125,109.88347583816078,116.72860457663056,38.251061411133705,32.25989367942197,92.43776194983039,58.41681453490684,58.806666431285194,116.66465655571206,78.96012790295539,40.880188678125805,47.14146174903592,32.24821210387708,34.4351256262654,32.261056328984374,105.57854748325707,97.25024767614468,59.189505661914595,46.715914068983594,93.12205900232873,105.67420976183327,114.20868290603083,59.95603614340634,106.2122979943135,58.17392213998707,51.55025637695469,112.01279049419229,46.888566405721875,47.0647418638985,39.78148257375604,58.5684282472091,59.87625931663369,92.06064833789534,47.693341054371416,37.34689461088982,112.20876491560038,46.39434718192394,116.63979794753146,36.15085318539808
2025-W50,Mbadjini Est,86.71004943575369,0.0,10.150819896382338,99.10401511783418,70.26473528711153,100.77813205517565,134.52308661126548,50.20220609347281,116.43029225368349,41.1005740314438,100.73511379589252,0.0,51.995746230443146,0.0,125.63075449417101,26.59159306730222,116.56289651473887,134.33435153992906,72.81360848446855,44.77224297421823,216.33038012733678,71.50536632517523,148.28226406787329,0.0,84.98348450774455,197.8262199924605,90.5171794739423,80.99189550531032,99.9370713357398,70.05220373797488,65.97920883973269,30.323717007296693,88.58311694426651,104.28326190018282,90.78212449095955,147.0099455347247,89.7705732662207,120.72254537654372,14.006000508534044,113.0536378262654,91.7466891711135,131.50805293720643,93.05074362569194,70.141350449582,0.0,33.703089609806945,136.49114656418968,69.96798168836979,62.57611878454093,74.77164775823256,50.23076873384966,46.9061152621003,126.89954031472965,29.63676040398973,136.37289963416575,46.33100342636152,54.6566611580153,43.97354370254037,26.318035292066142,42.749759038084804,35.9269227934276,38.13584597566612,76.24767229283839,42.76989032178248,28.95110368123805,28.170543655873924,29.98413829405349,30.285057192733607,59.86688753471928,29.825719704556295,134.06521618062456,31.371628630007898,28.870375520293248,133.9635422308132,37.189809428042764,41.47332938903278,165.47160385358464,149.7255327887889,95.08578220796697,28.011842202626028,56.35433889855863,182.63192749023438,152.46176379294585,29.388525939792878,40.743930858910424,37.668938760568025,29.56781706396882,93.35953355684462,36.33620368440535,38.25900712939612,28.840488117835438,42.7788670394905,29.73808798786428,41.484582961696994,29.670697013839717,159.91053906516115,29.67927612628141,45.273121075041594,30.6358981728068,28.299000807641796
2025-W51,Mbadjini Est,3.6047390536053,61.28495557784754,0.0,138.81389746195265,90.80216264576119,26.94767051133693,116.02706114750066,40.295175486175864,134.03524723399687,77.64642174625247,123.38512381684521,51.01002150050305,63.907716650397454,23.81814447837513,165.3126111860695,53.24855505166575,93.90480568194953,114.6017828022669,8.004021132551458,81.26934666898309,136.45958725003322,0.0,81.54622256626239,56.852284200224176,59.63061550469391,154.81194543266852,154.762681982645,11.907673719059545,96.7417138814321,109.30138735864442,124.7506444932376,176.35057763128012,161.55386980970098,143.79256802166708,60.29661190581942,131.53209393841874,17.165440503886245,80.51845285369097,127.49763478827019,153.76353436425757,156.32182395026783,5.565287689541293,130.83004761254597,90.23357792691901,88.09667785856169,51.948170937914504,87.08651290207575,116.39942004102409,105.16684163379404,152.09940167215896,30.321554324710025,25.928786218542808,27.957789115040484,37.90262548850671,73.27406484331158,27.116895090428926,37.421426905944706,45.03971558258831,32.77867951930578,36.382743011323115,26.39797687314274,32.08533511455969,37.8278328936001,183.52618408203125,183.52618408203125,183.52618408203125,37.06211969520132,26.808116811934884,35.362830336984544,32.90752646675952,25.52521514892578,27.48290690543108,37.66534283933538,35.51023986138643,28.407674312710704,88.6506980019307,35.96249926833642,131.06451813301888,33.028029798884205,40.68405407271392,28.523438959723705,37.907707845156715,28.07063290560029,28.18076080657513,51.5034045059044,33.86655927128695,28.31115051990475,141.45668686406464,25.76923896003354,43.24711167260284,41.61089578345779,33.38375464324384,37.65692351781453,27.135347683885946,89.00322743610035,32.240319369927406,29.43847355998373,35.283166116010534,135.6210369357143,113.73858312854875
2025-W52,Mbadjini Est,0.0,0.0,21.670119544186193,210.5471697054099,46.00128110995319,47.111762605563094,67.10347127848955,0.0,57.61789853408007,73.88751458090418,39.351438507427666,42.553319926893366,41.78478733636164,64.15624508922377,48.58597981230966,103.07540715656056,0.0,80.95893272841087,13.88921447740848,114.55846934950623,164.664925053688,0.0,105.53819674962692,0.0,0.0,140.64846993424658,63.25119022305706,0.0,60.41423718689663,85.39015368865209,124.03835466536609,6.353130143715106,198.08806054615775,165.60888984625183,96.04097716610659,171.509639523253,120.07929041929219,17.86226701565434,73.04752109478503,76.03672868322603,58.34513783341485,97.03812185382708,71.34237590483299,37.407241398872344,53.69825262647211,63.45832201173603,107.7400317217876,71.01884011570293,95.79662176311886,134.63360451713388,161.5557005978027,86.85305128853493,91.23953612902969,52.342511073506415,142.3184320333405,56.21730417511187,46.39377136008519,80.11037230327145,59.69205367675503,36.40961874486757,47.00713429643114,45.56046324145919,136.6008194627001,46.75831732332164,131.3581399438404,48.56780181790564,111.16860561031989,37.602131226965334,148.9942728495078,52.420806317674796,44.359647954709516,42.59996161619532,44.66437842037445,46.572562648424714,103.28721896095779,163.65064663922527,92.14489553655054,59.856545651729796,48.86778386634193,132.73509347583376,137.18638824147558,45.15320733426126,166.60069178095566,47.051269158132456,122.85283012781893,176.95630640039954,98.43131042867437,39.01133816666145,65.4309994686831,35.85448528158013,117.91410079296047,44.9482639101828,96.02002020785191,144.00021191291322,39.57163687424825,47.00957976476724,84.03458152617998,47.50450557071169,39.39337816651186,30.12815178575238
2025-W27,Mbadjini Ouest,47.205414369954454,0.7321370181685296,73.89281991740316,147.54006534917517,67.63706547387741,109.64238236897634,46.53953480966982,93.95875931850414,0.0,12.794264897724588,216.034966011962,105.15384730718154,217.81632209093158,105.00215250096217,109.88012256237822,46.7033078140295,80.48932927549508,94.62044179735571,65.03203416621042,0.0,130.0417823283019,52.0779395132957,56.9209200884664,55.34300301059167,132.82126306369463,96.20976778518133,58.48345493849294,27.55334453943838,45.65040775385315,24.14515155574778,91.19289067719969,95.84757629953111,105.22177058143083,5.508395098787339,70.42422445715845,87.7787230233746,101.91780780073074,91.5533852856864,79.40710303758011,118.56798287963673,0.0,91.74118777886491,114.88837318536594,93.2582796637429,3.72725012606719,26.596587559791907,87.33353465750648,55.609870528534344,110.25558773303419,149.39118017703345,52.982516845985074,66.51910224352802,61.82678177666847,31.534074264145314,55.97389085962945,49.41896393556335,38.667090764426526,67.36977460742011,41.21999566513518,60.97603328182585,92.17200838091499,60.95206537580452,65.27029055381658,26.99431133215492,32.516558558057866,27.905481908113636,67.91828602415262,74.45960250097464,32.86987545747012,34.13118847498709,43.86881405292351,62.999523980429956,65.53122369477083,66.9881051745592,86.74643728247516,39.469716131971246,66.85001526876924,61.46827043394093,40.47455180975297,87.4151801028277,27.725657016844135,67.18987799280005,67.35521711424371,89.7957507630439,60.28376987380171,43.55910046258259,72.27105610695527,68.01990600961801,59.693957231772494,67.96987139237459,38.423395873006115,62.862002891446394,80.80823287492304,42.848235387436716,58.33856048985974,119.4461265611335,68.75721056425793,83.0343698313921,50.67422663006203,155.6284637451172
2025-W28,Mbadjini Ouest,82.32388386641766,111.02323537427347,8.16483465204719,178.4975450573515,112.06823904803838,99.20439547777067,81.59438195944615,154.11046214406002,94.36724601865873,47.96711982524246,59.784030119012456,50.221346862207184,146.75658670459478,51.23093469203765,61.08963837043271,138.55470474957318,80.79952680904215,105.33497764089793,53.72712005944628,50.325252494824895,113.52683823420296,101.01243381472902,22.51071432876848,84.24492508139278,29.409893532844414,150.03860078695908,168.37533274631363,144.41476336660244,127.07815227682505,147.63489437603747,56.7541622911845,107.94147193274634,123.52678864012184,31.941735825769697,81.48818225927235,77.1366099928479,64.85946028677213,0.0,105.19064490320022,49.97767452459768,44.569085428659555,25.487596025586953,118.44924202232477,173.37689975265315,20.00482926871544,115.32164415090894,121.13431014041622,68.2840195794173,132.3140637367157,26.58100074250467,32.86570248609538,50.01443229908934,49.46402091768526,60.349430074684705,84.3945615343297,56.49260564905897,53.537222853868336,48.572684214892114,49.98251577108695,49.97863951198066,21.647367477416992,49.95500066243047,71.05080740916023,56.07416333662547,60.242387725859786,45.86868511423036,50.052993122807784,23.4422290921353,45.22404924806716,49.35165629330575,39.51208836096857,22.96776619550478,55.73441607101298,48.67834860671423,48.037823515418644,38.9734086521666,50.08646867494965,48.7188981175964,49.34167275576008,51.281510517618806,21.647367477416992,84.01109085841969,30.200483398005044,48.89685007434214,35.57654288169239,50.03337429282237,40.4524297234213,71.87665996860595,46.37451003725131,54.171494223677335,38.8592156694251,21.647367477416992,47.04563496114458,50.081389383175214,49.01581252536851,135.91664796012958,56.02756731991384,155.6284637451172,40.60988156029631,59.980817859143656
2025-W29,Mbadjini Ouest,165.7764331952519,71.13545431891784,86.23536910816208,98.5859748016858,52.94925360067309,56.2260768813458,77.9164591101884,67.69056158268403,75.98699139516327,0.0,123.09360417808719,68.2542200588491,68.0319190589843,33.210021343264785,152.98181686075964,118.46171714861717,0.5149265634096523,21.856025422131125,89.50232455750151,41.75567952999711,61.0586763728178,117.86938521972641,138.91819232477692,0.0,80.31825089423242,46.203039909569036,90.05206384257775,81.00187706538858,64.3108101660251,73.31117540573766,85.39695394366302,47.045428541534484,83.17495494241015,67.89832958858607,66.56193547534842,37.42358444788364,0.0,19.46452036957607,27.623233908628094,2.4633076964253036,53.142505784463864,67.34315556483901,59.108061014479716,78.21685754507467,9.406176996222598,62.97414060409378,98.71523508986635,0.0,80.862800907365,0.0,43.151466390804806,44.718340682012645,155.6284637451172,44.98717615516674,80.89735500662287,46.787547203394624,29.682454421810238,46.13657260400059,41.548879659046555,88.25411209637406,55.002269468087015,29.342763643793614,29.77794094013936,29.198347868498498,41.96537123640161,29.245034350440196,46.73631548574363,43.03046812798311,61.2557052604565,35.41995184810811,42.40953385876248,29.537584540789403,75.6372925187416,32.427401777270155,29.335349378769628,33.23758525222017,54.84250211243259,29.366995429229576,44.77350801548565,47.08706675215922,47.0921372987059,33.139218156933666,28.614361503185208,40.401879896295775,33.22075127201269,46.132791821301545,37.636087840841135,40.4034020124673,29.479166016208307,43.60491667736179,33.10944695744196,45.57475308503067,29.20486437697695,155.6284637451172,45.72829619493709,32.96649935378559,21.647367477416992,37.33010731172923,30.64833968963201,33.32526249782609
2025-W30,Mbadjini Ouest,34.052047464881454,0.0,60.07522819642028,46.117519976855355,17.838295917303157,13.524566378208739,36.293982617926204,103.39272095698874,65.54956676830744,15.818526316892942,117.39175496478157,71.50131657502033,107.42044373499017,91.82450306319498,86.50358980810051,142.02106636802196,108.41635569760209,24.378060270607776,97.74537329347226,0.0,63.49802672712077,71.99108819099656,75.353022243053,40.729943509782785,156.24550674736622,69.72026956349458,76.13678650812248,29.696771569627906,77.36016618733265,66.39586990394801,42.34165023170091,78.60640741929214,2.4213397217968406,30.080459312871206,33.89995601301984,28.089375215631577,0.0,76.78080863681397,51.86781544087062,11.703181418757794,113.39931852769345,74.44926629887219,65.40434817778093,101.94699545637323,123.08679344761694,138.2015916503529,72.5898687368214,76.27789047078815,58.13699888617887,25.785303191427758,80.72494970654462,56.400323691953574,29.876530185281258,51.46744524558832,34.599190545083424,155.6284637451172,22.614840252708383,60.08703506531976,66.48557150143706,26.713279226308096,29.715389637768936,40.079758533933884,79.16275322544327,51.13467497146323,59.736538198340035,67.91758810693548,72.80655843369236,49.142514810184814,49.85075798555252,60.08121571215692,35.07982423434107,74.97124576900933,21.635330200195312,30.824762316477372,69.934067535501,36.75676142754017,28.94146739482466,30.312413475164064,50.85048170449114,74.2891542923073,26.82110252443883,22.327407836414313,48.99814392780293,127.38586874780387,35.53139065487539,131.86431567988686,85.8006484133551,35.65028909610458,71.88913015686192,59.97891739991843,49.988643380105046,47.49424316014561,71.72947186672656,69.09865281793222,63.59149595704042,155.6284637451172,49.17144920057271,70.72284838623155,77.23306624428902,31.72429896424082
2025-W31,Mbadjini Ouest,32.80810818166916,0.0,58.21439995462518,139.6962544981697,2.140632608175018,86.02135995808567,73.34846618614608,20.234686408811385,84.10035561113735,50.27474280078306,21.405992193089773,83.76184610589941,113.95094944498241,82.0942461908547,15.86778461452969,159.82190825626444,72.66909544214599,68.6551855406183,85.68064316589212,77.4265477272595,113.72077799329483,25.768965061312947,32.55080034372859,86.10229623174428,80.98874617934598,0.0,54.71166746580635,10.166537975423338,56.68960567953699,84.45744185221753,86.60451591403489,74.79345226804206,64.65478731447162,50.506462215327296,76.95548378898177,83.7673836553677,39.437590400908704,109.94113756886978,15.478018940865155,8.428001955387465,86.0586928497328,75.9228118462785,12.3479474597818,88.78197953267295,124.74332916539166,117.60432033952893,89.27063102927347,129.8771683424485,70.39687732610082,64.0977882483314,24.14775108127427,36.00592571269888,62.68159733701793,33.36452103598788,44.84326170711681,21.635330200195312,35.03330988789867,40.99344205805426,28.573257215623943,73.25231971659275,29.41805140015917,80.5919811970714,30.800082040363638,155.6284637451172,40.59521429532306,27.72517345604894,27.47177643463337,27.599945171310274,40.04580230703093,52.78450016677711,35.935787592238306,37.199655135998654,40.02342623120804,39.19697628687473,44.13881068836305,37.86061523375475,45.024269072151554,155.6284637451172,35.023595191012554,21.635330200195312,28.4788503714171,39.43327217829004,35.01201396899061,101.86411930590526,41.329034706781876,38.966106440274785,50.37914776141511,31.19691756863893,54.905444477157374,21.635330200195312,41.1360543290729,94.48668954845837,48.25730741841117,62.00730305892231,35.699800339662985,55.84837502782583,39.41070020194166,41.10526044006403,26.628146305112054,30.68899084835595
2025-W32,Mbadjini Ouest,114.39563047502625,4.86004898425125,76.18010216720937,87.83649347633417,46.98128136116572,43.8768636878237,0.0,85.10180919399446,134.57004019715325,59.63240823204298,59.29425774910446,20.024665502954328,100.16052494871074,2.5695017571933647,43.79569400588093,118.1731781985648,28.950508524172367,94.4720103931626,56.31982501444909,107.81689651186299,86.60234290762276,59.693748444045156,0.0,79.51211692047676,111.57579855158349,77.67736866862688,136.70931199334115,35.985641029174936,52.14704248373327,54.39058896448555,60.281032066639845,59.44419297684437,50.47025531144217,121.74524841059512,51.30859639974118,0.0,56.71663523526743,0.0,0.0,37.91206461496529,86.3055117468009,44.73734653457949,60.24216976452047,76.64773967700359,36.471435311031414,60.85283202566255,53.79286972807643,117.36686849124591,13.631495878349519,24.754088788226095,40.53726618856646,25.854468173798555,51.026254317003776,61.9169445121036,85.39088301345107,27.255127250636015,101.69460864244654,26.63166866699388,38.75318572552595,61.95389174736799,26.680801456477724,21.635330200195312,21.635330200195312,40.23752109424109,56.955063431093535,27.631309478438993,27.591061430577852,40.77771775217437,28.523400095808302,49.98361400474136,116.85236067912179,52.73325288630912,67.40345822805462,40.27984495841338,60.44339326127545,28.004631602072532,26.644957842284413,44.77192749142249,24.999613433078192,69.16097656234528,46.29310969924018,120.77411519310857,31.144045665100766,39.41883195677069,51.04316409461105,28.826244059461345,40.4126043540649,44.86330731537665,155.6284637451172,51.25234575561723,27.498467416653227,38.82343695794726,41.70190857788617,27.874855656378585,36.64656310854202,29.968031502219773,27.508423503533624,40.24144867811395,27.942855378110455,41.845193686092614
2025-W33,Mbadjini Ouest,13.647762772841538,0.0,86.81203588125447,93.39445676003483,66.0230563586407,42.63333459627393,23.284246300339518,154.74475146395758,70.19295624485088,0.0,22.54562968173368,22.993157823350497,48.515879577133276,32.26409886863547,52.757626423977825,86.38054368299312,51.72553455137111,75.48647148700863,96.31552267361366,58.36030114050284,90.00279068795817,0.0,16.423894080445905,115.24215410275187,105.03972153645472,22.862076633840207,25.498981022236087,82.55412405206107,33.587732601874684,66.44139217275976,70.09012693708824,50.82045938111392,89.66902173332224,44.08991899923417,147.0074670841175,57.00508519547891,48.621568483041685,108.01054326908235,0.0,71.3529490305753,31.126349739079778,0.0,59.92345621881599,61.26136229200963,37.213732367711586,0.0,59.017151603422974,86.56110408174311,35.90980162439344,67.73571896686659,26.8906814986865,45.92968455928766,27.41256585385791,68.00888769618652,21.695743930281655,33.75791495827103,29.4177775715711,28.364353533564714,32.196245171912814,60.010088194041735,81.75530571097771,29.31687574288886,26.75856219008573,45.83248247759424,35.76547333510695,27.609101938905553,47.27803184113777,33.67190876113797,37.327589817208505,29.928211870356503,31.51615634572385,26.981693196250482,47.11933106248428,26.78222487974078,48.16076922874872,51.03606442348448,46.70305168725763,21.635330200195312,28.74339317349503,32.08761466293893,36.2194643701762,84.61060587354665,30.279246769088257,65.49334490789444,26.83709577512009,30.185904307209867,22.99821035294717,46.53042220560979,26.727861806029715,28.510283695916378,47.905184507711134,34.11460176193072,21.635330200195312,21.635330200195312,33.43999955753326,29.327093313962372,26.98143113128297,36.82440662101262,28.37970306045946,36.107615053405674
2025-W34,Mbadjini Ouest,75.40669912788287,93.87361563615853,38.69584296979648,0.0,56.33017096632821,29.083487569259947,52.10441542992618,173.5792534537166,45.31165123713885,9.476770832552475,13.000228096585055,69.17991272499745,120.91485922077457,0.0,39.65568431951495,82.22051352104234,104.02162725635668,51.32028517033079,25.771846393956874,133.84387082610027,67.21760362970775,30.61455627865859,89.72358532651181,99.13070736944587,0.0,58.743183067059455,63.944277975387976,103.96214098786595,70.31766596997277,54.119370227300735,62.500976420483646,15.924527339167312,43.71087296014156,33.45343938480021,64.91825149149574,22.77889245143418,116.73195961225244,0.0,0.0,47.95082482645224,43.396543813948455,56.08894589573597,0.0,70.78364587829442,40.71547546958291,0.0,86.1793101354663,102.72829274765186,32.98893177520724,87.75020306360383,28.259996642233332,25.896490805559743,24.81933801191408,26.91999941362046,21.99544717265255,27.63626664565267,74.70933727229293,60.20715931569475,28.183599504006438,32.76946876293491,32.68854932384372,59.415285621762045,26.919833923876254,27.499067761755832,27.590122968860545,22.818054728319463,27.68090453113664,69.55122597926298,80.6756814122348,24.718398407480134,31.94879316995295,28.281376127828622,32.31165248998047,32.567824873609055,21.635330200195312,63.48984091422865,153.56905041967184,38.17079272974957,38.881100896426375,32.40600328606424,27.814157179521604,24.966266879699685,33.17650602490341,23.121480310868755,58.13753680877295,28.491318045257675,28.452823932395866,27.765834099218942,146.92463609601137,25.59597835625842,25.02283107892821,25.36813236950064,38.537712163276915,155.6284637451172,26.919597530605206,76.88745573876285,27.199298926022944,37.79965179320825,22.790402816847497,32.342835396709866
2025-W35,Mbadjini Ouest,73.88362158436139,78.03595725624555,125.25585425287626,58.37182058649957,112.64588953174649,86.22233833215378,92.53923604613107,111.45218716459799,51.63141209072717,79.76123221096185,85.27920858891576,37.20896202806229,1.8170943017379386,45.29159623581475,22.951718405808904,99.32291486954378,104.46938525771495,9.340890279513047,28.02279261408915,45.772278621478,66.85434423839396,116.68474793138734,0.0,50.809724345616786,0.0,8.293398566890964,117.65190668844441,64.0400406490369,87.739453193265,151.31678434236346,72.94539852665086,72.94416839122567,115.15173260251791,88.0023515287752,30.949210195076294,39.990815511710025,58.17626313003223,91.20848745846261,51.36217373804537,17.209104465932235,53.424658011529026,22.006179268380265,32.3578056439242,126.51395853917346,0.0,0.0,46.312829557030646,58.195797308705025,135.75069247588067,72.40835807397326,53.63640470729613,49.42540466577394,34.38591234410629,70.35010782602933,148.66006593383378,47.081138332256664,53.19464342576997,64.46574446260736,34.53984580534277,74.79686462980486,35.60423178621874,62.19632384890899,31.22845736310254,35.6870897990691,49.273918354730206,48.785888758059826,73.3351329147092,155.6284637451172,31.027746079970946,35.51502743417957,40.28609289557105,47.27610917609367,47.35533985894426,74.11953781684363,61.779076241341556,21.635330200195312,46.748759098376304,52.74840985644798,47.17664720313017,31.989934824659336,42.53456647846202,43.440347116304025,33.52643295802289,60.65099302915897,37.603973254537266,51.046581082757186,48.27013687530328,75.85686974274677,31.635584076598974,31.317299400606196,35.8078772670061,44.85315579108657,35.78988592174491,61.195553355241884,34.69896589207456,30.655688675488914,43.577291894279284,62.002282535395075,73.35292789016701,59.07376743462742
2025-W36,Mbadjini Ouest,113.7475988702253,39.43701588629966,191.62412452192476,16.408985732039078,119.12361316748124,102.51157376400329,73.10517281712936,75.69033931096664,126.23729340381583,56.89934762799162,58.076900165661,81.33216313363923,0.0,106.0799879631527,121.49082611081249,0.0,5.369362775545881,65.09692982341589,49.63855517480023,70.24896164202974,33.16580606568637,104.428717607918,0.0,62.46622521049983,38.43444060653913,54.906529020076015,47.052172707163116,1.1004870413002976,84.03674924635806,130.90647530366272,192.39042053082295,59.50432863281336,15.522302652426248,49.240078675628986,59.801387298549606,11.979512339942865,98.51011694752535,75.02602976698878,0.0,51.771257023421484,133.92735531923944,43.22373601454422,54.79803641968299,81.24654870686035,27.1598575449853,0.0,17.9647665925863,65.9928595775094,43.602631514438414,45.407767898922934,48.87141086340206,55.29390956442896,52.9787961751724,29.3905965653046,48.55942206846953,57.84082068613679,33.33618284310309,52.64012896387141,45.65339624269374,46.692950163289225,26.296741191956645,52.94292010189011,73.89937500572067,27.916893215645533,35.330145645977304,23.287767811662345,20.599498803742737,155.6284637451172,46.24914991190927,35.1291638139918,31.01854950047615,155.6284637451172,30.026284687256585,55.425290813303064,31.46913364142089,25.711982262242422,52.983258298899976,19.94536781311035,52.9654576010919,29.959667156370298,56.80900965974069,57.80464469840682,55.286593094840555,19.94536781311035,53.52202001182999,155.6284637451172,29.68415144537915,30.9861545747859,65.77649609252805,28.161057452865386,52.92959934231532,57.18468524644914,21.662738621283687,48.690874577466026,49.658872657581924,32.48362052715472,74.90768367787388,28.185028802231056,35.29386721895122,71.74825305050071
2025-W37,Mbadjini Ouest,69.13591942142209,37.35965028020427,27.61415690903624,92.8959400968767,56.830033871861815,108.07138382795952,136.66705342814328,59.151814491297635,54.329440569889876,60.096467650345396,71.68981660716223,76.66527428281235,42.858613420259815,10.94597280878839,72.4319870904831,135.35691397076826,88.93373544386992,86.64080421798789,0.0,49.3879663835356,52.6408696148561,84.76394309412461,0.0,78.42840369363182,60.052825515770074,51.3246590985339,102.56475153290506,49.33075383559389,59.66294881725146,65.96460402497394,77.44403429029168,46.34189945416483,86.11378585809975,42.33235346360645,63.89814108697277,67.8806152011074,37.31087029858403,62.83776609235139,46.2380944079787,70.59133753005378,157.60045103543425,0.0,78.29445912827276,77.12035418378412,106.58388791911958,38.03210105354842,0.0,61.354973978842395,60.57034561531129,137.65078664074883,24.17584647467366,54.04607543512335,22.507168970181734,27.50639880503924,22.37890515599093,36.43070186788375,49.34965408873323,60.24909380014119,155.6284637451172,35.944742676839404,46.527141953818145,28.266426882935647,82.28241279082962,34.52173481126094,69.92563046249198,24.26964411104958,27.69562769175751,41.975807408159746,24.1880860753125,24.196818699686446,155.6284637451172,26.356833774352705,24.15601892863994,25.147163513798773,25.729101482540457,34.105119840476945,87.52953081438099,155.6284637451172,34.681753185602716,38.327269017291904,25.019946537071057,61.916668538448356,24.203363114592605,23.39487287064506,152.90704524830093,64.03479102079656,24.77984409195801,36.20514249143618,26.946661392156127,25.03709904612362,24.620859078236858,23.751603264256783,31.243730875538,26.553517989754248,28.811851723237453,24.200889489019666,98.84518888467699,34.417603141858734,75.57594796770273,23.42965353196971
2025-W38,Mbadjini Ouest,19.347953424881297,60.18460696514251,0.040432307195459316,87.83195620690184,0.0,128.7764652204697,86.27501476837949,55.78198963275858,0.0,67.79834160784095,22.811283221573028,148.39685152354068,122.62198692315141,75.28466352828947,107.23850887760838,0.0,99.98703932661586,97.29732582321263,90.41384410465565,54.59022968916328,24.684087717829545,32.49639415398563,0.0,18.57083251713153,20.974289507234392,81.21877887590931,100.52552081642158,121.85574017092603,37.089827650103764,58.79807672933936,31.13653430401692,81.1004179132004,59.34886469480132,5.775714084711005,87.22984900815746,108.76845940392825,20.13351664637517,129.20916942669987,0.0,0.0,113.64412760096752,19.83634579918414,136.47042099619318,63.53284457303494,36.34281269099955,0.0,0.0,24.426908367969887,27.81162484728136,31.106759921090212,30.078783051440176,57.90238024572714,24.344323422092454,23.175632674327254,23.720138207854394,23.802655804163194,24.938197718298362,24.30346774852454,23.78534749066467,30.713177180255347,21.180577073192286,24.422149986353705,36.14261579276478,22.891507198267835,23.57857234324901,23.26194821187856,20.518451690673828,25.041672827864776,20.848158676933398,23.802719264088847,155.6284637451172,84.80811917589307,23.487121779263823,24.171920220159798,25.017219302551418,56.70849463619935,47.820733769223516,22.391000823373684,22.383485244555427,24.768319466957408,64.1595796568089,68.18790218344606,22.311863317327013,27.20034883341734,22.62307656933095,35.54458116011483,83.76403670820571,24.978880665761473,21.84834389121601,27.27439431379688,24.711848545028342,49.189730448945134,24.421990803982382,65.7729135089831,23.81065141817454,22.647590967086202,24.142892426353722,20.75266296364273,23.88934306206435,31.250526344797812
2025-W39,Mbadjini Ouest,79.18149751807732,0.0,62.79331759491819,113.57517589126014,94.83219419041535,100.48258130050951,92.72193292303382,45.326486685147266,0.0,55.32279005907074,60.75082230329624,71.72195576564582,67.95540149358219,143.1283370571556,80.73265871789647,38.3487009408357,113.19628382073955,0.0,70.86258838016248,84.43174446274729,102.51253875707562,130.19406831127338,0.0,136.83100622098755,71.43044726241672,0.0,103.5208223215146,118.71149263150855,20.479048721577996,115.09744774587983,3.024318285912713,60.32433391693876,52.05482682835833,14.159724337450129,56.88452935000253,120.47868296967165,27.316975895899617,57.67277329773814,83.7085680255016,0.0,80.23730983021242,0.0,146.42575242344375,165.8187258143256,137.92313803428704,6.298229568116902,0.0,36.96466991156047,79.19958146334183,118.64177992530561,24.24365661234906,23.458196085675823,23.992209519056637,22.708083147835534,69.07968347535329,107.43453098901979,21.572439681220658,47.58734876166212,41.62111395705559,155.6284637451172,25.94814213931554,25.5921660168524,27.01019443334506,63.59547103146534,41.324724004283745,27.789757139855766,25.179477472526532,41.27007707863809,63.07091906114088,26.439923521121457,38.414922383719606,26.441036961751156,28.2005314079438,30.500797810586498,51.71670075337671,155.6284637451172,26.88016231400733,25.87957941919133,26.26555865427165,24.03041244726534,25.74998886312609,22.897677128911027,26.634420428376195,24.734687109447798,25.930075856029422,52.758346989590066,25.18670422663267,33.39298124822832,77.99520355362321,31.280719503267775,25.047868893087397,25.909829692684312,32.0574431722187,29.75571524434482,24.374530118802856,26.916417848559078,31.121476140628456,25.34118653090444,33.42716130648335,22.550547266095816
2025-W40,Mbadjini Ouest,75.60693182649246,100.97368384652876,98.38026468221375,53.07355132443895,89.68990373871952,67.13326211531502,71.96654800260217,84.04806978191776,33.27488553387994,45.93209886754555,1.5304009033491184,41.891039628389144,77.94017781385956,82.55426937927427,51.37348116403164,19.758950303525133,70.47369852017663,0.0,0.0,58.41511469908327,62.69413703732249,61.074056931764446,87.05993407085083,76.7874785374577,0.0,62.633378540112936,6.888626984749159,101.94528215056552,17.826360805388326,62.238437424735594,132.5127439473714,7.908215247502305,109.7103266573105,139.1462986140309,0.0,109.89365108928153,33.39759588867546,56.90662881103205,172.508055537112,78.56460996369026,58.12195171216234,52.180104853651294,48.223895183107,168.32087044474352,114.07226678158752,13.573736805236571,97.04731170389523,112.14950177284204,68.88942488444843,65.6509533510506,38.269719469446706,60.39046276185744,32.78865091186332,49.30552432170396,41.16069212694868,35.537796990979366,87.94753429026888,38.96551320333565,32.12235997283416,85.61786118906414,56.789982090862466,54.051252664160224,24.646332502032234,28.532102075732208,50.86816947470465,31.450019239134768,31.797069334662602,57.36163532281877,33.300552319581904,26.530822486049374,23.107013053754585,41.928670062522976,49.45091072178034,73.44894676664826,27.431446286032042,31.19749198959373,47.321198582105815,39.09237265661327,42.59667141061562,90.67373802823552,48.743242788731635,41.508108848021344,155.6284637451172,26.424723621193284,93.39852231636587,43.340401993299025,43.63671066946178,89.93690743735695,44.14142558753453,41.922113175374925,33.06127936971093,52.330674586169664,48.92081857885509,31.54724216054359,55.677287542775844,51.27814904409965,40.29429401624065,21.764005661010742,41.93334720324025,21.764005661010742
2025-W41,Mbadjini Ouest,76.31041202898544,2.3445356063110836,116.97810661962978,0.0,0.0,0.0,49.552567171273466,56.39212644797088,50.934347328759806,82.45131920331289,0.0,0.0,112.27430448388552,92.22430241455642,92.50567588662307,14.73503957352002,21.71408120082577,0.0,25.42174690255363,100.17686145864954,51.837273524720345,77.7521704143561,96.43356846843827,63.60094171225513,76.33193512688695,19.18739063017658,46.7165829996798,149.20344637221706,70.2262911255839,70.92156127012314,70.58268665832922,97.89545183131477,75.68331051864335,81.20024876540326,0.0,2.8888018649408735,8.508701842893707,51.61063696473554,89.53751020531377,37.47593536907616,35.97665952719131,123.15708542366933,102.20188935011664,92.93197879865227,78.8081029764351,53.15030830209389,157.7359511971543,84.64266103740954,39.3832222905911,1.4627575847519694,28.18116604268574,31.226849808284044,28.43023573810266,30.057604968586674,33.16645560277106,30.19255446044296,155.6284637451172,83.69332320303457,32.84946015574959,143.06218643360813,63.22044344411194,30.329152835005377,41.34481425702972,29.40522480074592,36.6016939217035,32.318891121308226,21.617231369018555,30.054986731165183,125.01543253059324,30.288411354373512,29.82149254188457,29.844289033420683,32.25906410815061,55.815300230322464,41.34653723508544,31.423172750983145,29.86394936440694,24.910880780947995,32.17547284489975,49.03063017211172,40.74989428059419,30.877981799056418,32.86633295685239,31.404129350025467,32.83712100194901,32.42214359296373,36.13470784759655,32.38951860987364,101.96533533626008,31.14565107171601,21.617231369018555,29.930309761867672,32.36586684656324,32.50422995772976,32.60651886350714,39.60336640862965,30.055749654666176,34.04223136201629,38.80618490240017,30.887047849365803
2025-W42,Mbadjini Ouest,47.117095579890396,13.224258287268327,127.86609805193223,36.47414211066784,96.71495347381506,0.0,54.024069108843186,0.0,0.0,51.64974642512962,112.8588333264152,0.0,74.97487466773313,181.77297554474922,63.64122223299692,100.03586114344775,41.37916233704695,0.0,83.16231142423946,56.100987597092214,94.35431392799748,94.20932844138032,29.039344629041242,21.63764912164622,24.12405794202646,0.0,56.069355067319705,28.366026128821268,69.52773786092627,0.0,87.74332976983877,65.9150981879969,34.971854919691424,84.07641667226017,8.429470586997795,102.71411703416904,53.439597108164484,0.0,25.810283389115767,24.47871154049858,22.835963887600997,28.32683106925409,42.92435635605035,112.25546468061286,78.35643001656732,62.86633890255228,91.68555946193871,149.6463382005643,30.149875793924114,0.0,30.636732205324503,28.010212033998016,30.771051137238352,42.10488332971026,78.37304593243104,33.7286537493159,29.688083570329404,37.23276592950815,39.639809551633775,30.144457108248222,51.123868566829756,26.85577739504751,21.618574142456055,27.568746040598647,27.887586903681566,65.65164865001937,30.916837899533984,29.672499313910365,30.98391736057939,30.5534445269644,29.689417184808995,27.750690909791334,35.360406641578194,27.734905908022558,39.97506483649508,28.746182965391483,39.43199209468069,46.18179357905813,27.597450493271626,27.062974727868358,115.79227234337925,31.4978451292228,35.04667227653623,21.618574142456055,29.674908814094106,31.6593885955936,67.87157145268593,29.670272329328693,39.972849334839026,35.688379775629194,27.474902231778024,29.684260516681675,29.60577945196818,31.204365278975953,35.108964120199296,31.05511370041801,29.62170308327206,38.27808938902675,33.300332062569424,32.06398124162277
2025-W43,Mbadjini Ouest,19.34224144553334,73.69827337709242,14.360985318302362,15.316118767022566,22.41004586756387,23.398900804270376,36.8636926240365,37.56046853023413,48.65484541926366,0.0,64.92057976492295,8.724406389758286,159.43125340398925,122.25892012471186,0.0,68.29349371976866,36.904146531409324,87.71965929773431,111.39215815714317,32.58753265858796,0.0,1.2563904475548782,27.35412404942552,42.86968642535736,83.16155631179575,41.82448332413636,47.045026847352965,59.819717492579215,100.1757800935471,0.0,14.478908719122764,125.84190043788648,137.99290427542758,42.577220982578154,17.171911694369825,113.45369873598709,67.302785801893,59.46403122964628,28.943406926856188,51.091262366154695,33.57840758900732,48.27601528686248,32.69475934630927,74.62350554372695,109.47220823311396,69.26114425206322,1.868366251006293,138.0734839141702,54.325448741415464,18.10488714100164,35.48192896875454,30.835348767125605,40.244538670427865,31.990539862535883,31.592874658217795,29.28228769937529,35.87237848893451,35.9820562128987,31.126901260627427,60.94850366951015,56.89207788489712,27.958066093406202,41.52232548023011,32.00847541942559,155.6284637451172,30.844439308969186,30.999716211130032,32.487312890253236,30.932043528690308,41.25595995793782,33.477568988894504,30.829145884938125,34.29806537462856,70.17940673807891,45.237602542927775,34.04069673256796,31.04537971001213,30.465919419148566,66.86032844529686,41.99853116216029,35.52340805000205,67.19583445819659,28.354787004965658,40.424583430977016,30.803853109105066,28.3198479349087,32.99680783065545,31.99023517319895,102.8444943771814,31.125347249934865,48.85074973065002,42.57943668849515,39.15046279741305,85.72992069901053,32.0483712659156,31.99668613161964,29.722464286339868,30.972426469617442,67.30486920980663,33.27250239194972
2025-W44,Mbadjini Ouest,63.83042456276202,0.0,76.21673018925154,71.47910818659409,72.57329479603231,156.55978172308025,78.91578091418502,53.466310287761225,8.228657624181814,0.0,51.501522982240665,11.027975458850108,105.41204014530241,60.843451567520155,69.50826177349326,28.20803490205592,25.751583714776775,39.73455276566523,19.678146787471732,31.89741052625451,0.0,29.412643654510394,49.08406262768359,101.16839973794005,98.56010658643305,133.5595187063435,85.93711006760225,92.30106475689297,126.99804933135675,81.24714607123207,36.235010728179674,126.18823366975361,40.062021130190125,46.6697144972822,52.34465778266825,0.0,51.69322163749669,40.50424666200785,175.89459417092473,111.47418966876756,14.390435764901717,52.626123157292135,75.27348960655178,71.86716809377896,72.27280857872113,64.67539703402403,77.61052810016128,63.748587326937816,76.77890926617405,15.529300571372175,32.176316300846985,31.358096170394177,33.34494287303698,43.5970481085454,32.09692341926502,45.994855972855085,35.82149904775409,48.3604206388455,31.827693722211244,35.8874068135581,30.871786923513955,32.37958634378785,44.316924654419196,35.921426375074866,31.26924219168438,63.562016853371915,26.868582161676137,34.604848282324966,155.6284637451172,33.44613615706655,50.782043224373936,34.60391874824925,47.53391012532244,37.1927346964205,41.07090149541487,31.457863271324474,45.64210989075694,31.61955444276752,155.6284637451172,31.45747964501024,31.59992679061514,63.63784506533979,31.700826042156738,32.353030124758305,43.40758054694757,30.936695829817552,30.940880081508535,33.34567884340457,31.712208160542154,31.583498703512124,21.57452964782715,32.44062871612282,32.16092044245858,22.724020179933937,35.3669456969656,35.655046951928256,29.16253505228085,32.160114761274045,66.8808189269597,34.255459754523855
2025-W45,Mbadjini Ouest,12.127392242366128,93.14034461998912,87.98985474313014,122.28720087319402,15.773831167271524,42.76115405032961,131.4384312884373,11.9984575783553,24.308686593546227,55.495638768038404,30.677062787203358,80.97733481906626,33.69687329714146,108.1932584014222,52.97004753326683,139.02074729613994,91.2282609010131,37.79896625165228,96.32383890253013,54.6328400792345,5.769534208035928,0.0,34.62434324987082,79.01777903514602,9.121182184199526,43.16530658767703,50.825717666557594,28.49852918320073,103.34088304468315,0.0,93.33848326834102,70.7718761757021,47.13872753478573,66.21623111230734,102.18547847457495,55.02402887070261,90.23802815174002,70.33919098393035,140.77402636384474,61.5989505800777,144.4821736788778,55.3284453261462,49.37291752468402,139.29561784350796,0.0,0.0,97.8265503137201,66.23957820529206,60.62820132955703,0.0,28.43960419667911,30.879987145807604,26.01324293201799,59.64016793722684,85.29696730630114,83.692123204246,27.14740207900992,28.091626244591108,23.92793629359535,28.086604145299233,28.122937051245685,39.082410826176144,24.59500085828565,87.88737232623393,23.119941054038172,20.370906829833984,61.72119351029611,50.49152705159873,28.224471079169703,36.33498868378717,27.13968146129237,23.991740622236083,31.236293607595755,28.210360134347784,36.736429981682726,26.764407011342282,43.91918959718934,52.79625877752896,23.977335695489636,21.272675732192397,29.472151884085395,53.112172708884025,41.88249751395076,50.435007616235985,28.425649153368646,27.36522144783203,33.670982047393174,25.71531756690227,51.163828434557864,25.152146569941774,28.0331332148,33.087535083835526,32.15314886561934,36.4438351691574,29.355722550568753,87.92406702814326,61.249863154223725,70.31376903827257,38.51378352206034,39.38377078080468
2025-W46,Mbadjini Ouest,11.599682036806783,144.2625292953371,20.371328680021378,48.475342845341935,23.98746563761911,0.0,123.27318258086665,61.47881724981004,14.193250339938619,176.98878499493557,0.0,35.38615907682086,165.3267568967825,42.54684738584028,47.447861740136304,25.995940982469136,63.86435821107251,27.84504815361555,125.57582505108519,40.42101428562985,29.05702810691284,26.465490084730067,4.21209237421715,0.0,29.155577549318224,0.0,6.395515139175409,17.432069515055645,161.82362737038378,77.87290138709919,70.40013566091375,29.29785620438459,7.842815916988329,34.63604650682069,43.04778080217703,0.0,57.63025637062157,90.80686049276304,23.12438774258725,80.05275981014324,7.344482683593512,0.0,20.066771045384563,66.84156131377455,8.308157241439474,3.0676122638814434,90.31917262345459,65.39294845998427,53.587629321938,0.0,41.92372937717665,36.32735466247153,32.769195342412644,40.29396123959425,20.421614716603543,20.347036361694336,64.11165734882712,23.35128314985949,38.76899721063124,42.472401665128885,29.447297259710393,72.29751386640609,29.00546883303524,70.21429177420573,55.292964350063954,31.55745269044258,26.818641494419243,32.724439838012934,35.609671617401226,31.771345150950822,155.6284637451172,31.08693905225754,60.22441029917823,27.28546641909506,155.6284637451172,30.9117735642528,35.660401997939545,38.9237431964915,26.384738861797537,57.66805361442929,32.52239252397533,38.854434644448055,38.85714839138088,41.302178014334764,24.622019356286625,27.815145488202408,27.401119015325676,32.61650880140832,26.493620005090733,83.78813895280632,38.75842602663093,43.38104399336101,33.99182611570838,32.52775977221781,38.749697030000185,32.5899296652958,33.05255448737182,37.230402400886646,38.75197944670756,155.6284637451172
2025-W47,Mbadjini Ouest,0.0,68.78257112709127,58.68819707617388,31.368351687238288,105.46913383123814,49.15464277754151,116.95112031517775,23.461014212716456,33.62204259587301,101.3008793592258,22.38709189376211,80.50499911989918,59.328914187495386,49.27356757916041,0.0,86.32922082955244,64.68720759388036,23.438167599322973,61.03298389186254,28.69543240810707,60.80272799734764,93.71080275292388,76.84497360949902,123.37103570758912,31.799558786087424,97.93758780127028,13.637726033657302,0.0,105.51883236880121,79.68443988856093,44.19839847350019,25.165197569353445,69.33936479185057,46.280310977217965,0.0,112.92969489411868,119.66581656293285,33.870940904259655,95.02450194809717,101.2101194775307,110.47445899789253,1.7365132669777097,88.0892586018929,73.8004178859756,0.0,66.66667378559447,79.65468989978086,16.439959831026563,75.72176535921415,52.0899137476397,35.64426770451697,58.12165882336168,28.184849496505333,46.664442613973854,77.5332321614043,29.26867315783559,75.7137922884484,54.27376066566136,22.24953425457177,100.53865676973804,53.76084730356331,78.36130826823468,54.209596919607606,103.59077161104562,42.83487915734093,53.533605439284784,77.88658291611863,46.31194514344435,47.463742645381025,155.6284637451172,65.8184790240539,77.43765007197702,77.27153595057513,83.73080620704111,94.45866626698427,69.0017575276699,43.2290667046215,21.082876205444336,76.98697206031424,82.80481096744025,56.74278189407828,28.84488093912924,42.60446243565967,58.63492880290192,87.03344170674495,29.15099667591059,76.90017075258113,77.81424309103976,101.7757947081616,26.755272183706975,99.49685214199862,76.48868088423153,77.98974719471511,22.345886813098318,58.56933696848902,77.17279918835708,44.224750412074236,55.607847774174076,65.27010779564813,64.54102556284397
2025-W48,Mbadjini Ouest,44.91682803001777,41.277604108282155,18.377459839268546,87.82184210504676,46.84294616554584,23.97602812884784,97.68925698998689,0.0,0.0,52.158555222124406,14.352757521486247,19.959629850469746,0.0,11.298560288019601,23.13513739213144,65.96783109982333,60.39267750591402,5.268055027941173,0.0,57.78459943578129,16.78393301779141,29.889760530055128,5.585721832331629,43.61325011795208,46.65430782877257,45.26009701961592,92.94086166783923,34.337463255483144,56.68382795941922,41.221715747484794,42.00500731589811,27.482264704332906,38.476462713536634,130.39152688177188,75.50873166066239,83.05268898645436,2.888901972179113,0.0,77.59357628763553,64.29834991043106,34.231963112866154,32.328712233338656,83.30184386778319,55.261589852826816,53.83768907877288,80.60782347179975,133.52007366933688,86.12310701449974,94.41808437416897,0.0,23.15305813808281,42.76435640954772,29.746596503015247,85.94943866335277,155.6284637451172,34.60762587331939,28.893511313590913,29.82884906517601,44.876916291893565,72.27011887318163,45.85360770392816,24.302112081291256,22.98525682474945,29.971607067899008,66.69162335836886,49.98172192671838,48.204158386772406,37.174566273577,93.65883561874412,38.84535613493403,63.97198641441301,73.35821530366574,45.12164221881147,73.24001417726683,32.20735510404103,50.324292818068216,25.81349283026911,44.709548530403616,29.79742427188067,24.92809798941398,21.721126556396484,37.96592161198517,49.06203042376846,43.781896791217925,34.83063528885529,155.6284637451172,103.34237992708383,26.853906440453724,41.4029777368638,50.23261935151247,53.453662159989996,40.40369134802139,53.98265909797323,26.816549854872818,38.932172937734265,52.84236952477239,50.02024837799139,64.75929518091934,23.57729082881994,28.853369460018847
2025-W49,Mbadjini Ouest,101.4303103876055,48.57149594783987,58.726406974308105,42.225125722734894,23.103719816695424,68.46616460027889,51.096709894748095,50.22487334093445,90.21205064283471,35.050158927043285,19.708012161381674,0.0,67.32764622050789,9.250825555969655,97.3509659085257,30.42590593840746,20.673067065467535,0.0,8.487558367441558,75.15364969513959,65.18212176199086,87.46157185450002,55.896977446619395,24.302730956603703,134.47424705504423,36.019406987218055,17.123218769070427,74.08724527877143,44.185606618553656,76.60902964352825,61.018421405394626,62.91391413578037,10.878892416908982,7.492128944948263,0.0,37.31345544790855,36.10453941872409,39.851037129688756,129.04386256550868,184.67672401373403,114.17611340411682,25.04807037054451,48.8322626390714,0.0,2.6138556079646023,7.95285393210721,105.73281628105349,59.230461025680526,78.16796442636618,161.9084345322546,23.840389284909584,31.266105875251018,19.974971771240234,60.30434001224799,61.65245292501513,65.27139701561245,41.89805205279552,19.974971771240234,65.48348496425422,24.794052283699607,77.98183687300492,19.974971771240234,61.773299819780874,82.84648347899929,63.355575081642186,64.71442948221815,65.58786063425563,28.929454912073968,65.49749168535926,80.38213111130678,154.4093736971822,51.25516073350788,40.49603657209333,66.62150903134567,62.390008210358324,36.34475377740316,29.90319869644684,29.867179650785545,52.341922437679884,29.865200886036863,19.974971771240234,24.431719457987832,92.2014383200255,26.924118863727134,26.93555359802076,51.80352400085177,35.97911542115555,136.37418427221527,87.09533858875008,46.237126027666434,51.63793720727112,40.99638333785319,22.0917539310406,39.15978966632721,28.9349468344935,28.457216020483113,62.97645959069453,28.269261944212737,28.486460751525467,56.30613370927517
2025-W50,Mbadjini Ouest,34.10709301011855,9.976094972433863,70.73441839365478,47.25504664234997,109.8749386616908,113.67029346526049,0.0,90.26838388443844,4.439733799824317,87.04515332702184,28.719603253282983,49.73835925377178,5.241960322035759,0.0,0.0,50.812544995257376,38.816441796301554,58.34374707029363,27.664247920963426,88.98752233533268,118.24669092492124,67.92998399595199,56.75379477146669,5.66913271193625,25.85123974326241,45.18657766632284,69.8157319621947,34.08662533491642,28.290996871329632,69.62846046629447,17.49765261725645,84.11736958009016,84.21588228301283,28.557897114726234,48.31864280265582,42.02197227984642,55.89373551260503,77.91002096317345,80.40747008717457,53.80595061990984,20.181671641048204,31.110363978589433,107.20128895033184,12.430980150916454,22.044714353715378,22.259097309214965,96.13710422435807,71.2959778196992,144.37668902541108,108.64672187342481,38.630025381825625,25.288888189131164,19.83953094482422,26.310473732521707,27.16139457046623,62.34989982598569,94.49876042248836,37.905880786597066,37.87618677691403,57.55813197069348,54.203440399374465,26.22518362214218,24.651001300970158,38.57725029262368,46.319387143221164,25.311740799079555,30.918414738711753,31.71316006302554,28.261474778297377,38.836515368375586,54.42943393086344,40.45796405993077,26.392364167635204,24.47768110251465,65.56313824189255,38.921393244085756,21.31003962705656,28.12392326997886,62.51187106842682,61.201030017356366,83.3531650996689,51.136728512500426,38.41107699251041,38.45321439079729,26.32037539020448,54.409856295258685,48.07648930072731,25.643285950317576,83.95836560073818,35.51164890584524,20.819050832910772,31.991748502589775,82.9868396596158,95.26661061562166,38.97217205420213,131.57436515517736,83.31783365166189,67.1843866281593,82.36317740097466,37.12705624789135
2025-W51,Mbadjini Ouest,51.86077237422835,0.0,47.95534019693059,35.791850288774015,0.0,185.92353956397542,78.55802277695568,85.29716406010054,120.02731623893536,115.36647430489214,28.573461010943365,60.86431676537578,0.0,28.644619128702516,21.531925904185357,109.48439746653688,9.397336794730755,42.453012046143236,90.35443125554704,12.890945693416448,53.11849101052819,72.2440829933977,32.03813415941361,73.0985395445368,58.65596861159698,107.51368346657316,16.440965913077818,0.0,0.0,107.49783870165916,0.0,17.02826051084667,10.905619273514006,15.351476419078097,117.04917566586897,100.46241845390827,21.791934027076046,69.75820536306696,45.34432149107255,80.20088283133877,49.31761137278017,87.2295879348301,75.60808818873176,62.23211195320131,91.29198673772461,0.05464393566827397,146.88773336848175,60.917553608127996,62.10698122961172,52.33151408771389,59.20580092267472,43.95838406277229,56.94132482950941,24.403323706069934,57.1200147854948,133.03432618871003,29.038057066467566,155.6284637451172,29.07905136205421,25.063603406875064,22.649944115334595,61.406684513657076,43.02889734497606,29.03961255188188,44.598944833686424,29.04830560377348,31.929281211966277,76.49660912766548,53.33746525700062,59.829027470659824,44.11733859253292,155.6284637451172,26.91216941634731,28.09776160977057,21.69209333634732,42.99562538130215,44.69367408834849,57.03711881175966,29.049470045309775,18.3933162689209,47.33755040906835,155.6284637451172,28.861182025957564,24.51998514626057,28.561432631481605,30.766549107271416,27.451725416428715,29.05558897800669,48.46378945425153,29.054146074864775,29.62484189583689,19.044404772981405,94.08495849374114,30.02230731973222,29.0469277746912,21.348093304130053,47.705667293569334,76.6619838860315,19.09300218342852,23.840850347438806
2025-W52,Mbadjini Ouest,87.7218754959444,18.11869886322286,113.79038874028498,90.97539449755097,66.04049403127445,95.59935093453124,77.79388468464845,62.50564813729877,84.98000397516456,78.29531409211933,30.297044988292157,53.3118989084669,46.407502962093716,0.0,6.812391111495401,49.2795839886546,97.31663777603191,52.33771967996011,93.52964307174986,68.16858648212714,28.87045693408153,9.841269020523377,45.96229402867142,18.26384002130331,52.12724753238514,115.16900005529344,0.0,0.0,0.0,71.3311647854519,3.3305849462151826,85.65990617962093,111.60601288948703,5.03841151988923,0.0,89.05428031649483,46.60037585471908,5.121945413531179,30.81741507217104,33.097607770469324,95.20487630709707,122.42251711813623,34.34701817451967,52.79364964302573,115.43678300692878,19.944246684971134,99.75208135903203,38.6024000239515,42.094904161649936,64.26333722651715,30.472649609337264,66.6716451558764,100.77670181460682,58.58531993095822,52.37158344843985,75.0801920856857,71.66503703073832,41.93728474222218,33.05782215430009,52.98969871217266,76.51288784963191,70.25452449030735,68.75680569762969,82.19866306898861,46.107375796908634,52.15249579101547,22.144955159010713,88.05381590988864,64.70450116368741,49.20467664357057,26.57901200604794,70.73592507571763,72.57026994264376,68.77346720539997,38.01975351394564,98.38738327677252,73.21898664671573,68.37023177324603,68.35879388432755,95.74647151465105,102.88643315801818,66.01371037382059,57.14590165712863,53.25118049379157,80.8562829332101,68.34815152432994,26.982244150610928,29.935299232660203,94.50274572028657,91.04948805236629,125.99985408204547,57.95728049630751,77.40227188072468,82.04256235009748,50.644799625971466,30.284245259980008,155.6284637451172,19.86421095678922,66.18207395027879,68.35756545931785
2025-W27,Mitsamiouli-Mboudé,77.04970592777363,20.18893565110624,0.0,9.559820477462367,35.35528536129068,0.0,0.0,0.0,61.26794010145475,12.670224080636686,38.33655248147403,33.50551706393638,9.355048107139972,0.0,0.0,0.0,67.25283593110638,33.112921579989,73.55018630133077,54.50616110298845,25.622257940539114,0.0,10.272640494068291,11.338987411594488,0.0,62.75811912165853,0.0,24.60147981391558,37.78788147707951,12.506080630064474,35.7397876162952,58.033080392461,0.0,13.104562575340204,30.562543335875787,39.77806976033122,16.060030020805463,70.11586119050212,11.698375831485535,0.0,43.38665705864976,0.0,38.209510543818865,33.013185661686336,44.532557792625596,6.258054971856055,47.034034225133624,0.0,42.41939561500761,63.68717920235771,65.29299093431392,10.087851030101724,67.92962819405976,7.7404074739018345,72.14409799848914,7.910639457058885,65.71094433969311,71.09742358520656,6.020375668198846,9.04206527688769,70.96577123347639,4.8138030644881225,6.134101408300927,35.09538676405455,95.7188968653907,49.848463047804444,25.81592532888189,104.83464050292969,36.42580538338605,32.244957833298955,29.24352584420874,17.17220841797542,19.499884042821275,65.46244305850594,1.9895973862025553,65.29375820259773,6.7884087286184975,25.319680234039353,5.581379936664055,47.68577459504357,68.64714215980547,23.11897721434069,5.621455478855399,8.361469326829784,72.11683659794512,11.137542420641084,70.81356676738466,20.447954012458425,6.007018539688568,68.45861514804834,37.44029193316923,1.1643339439223113,102.67910538202386,5.58426367783727,23.035516664057724,25.403578260768413,41.823542354438565,71.1594515648875,0.6223587989807129,97.22790635365011
2025-W28,Mitsamiouli-Mboudé,0.0,16.1983221541649,0.0,0.0,0.0,0.0,0.0,0.0,54.057597155072386,0.0,64.6141728324228,55.0577341977448,30.79753399195335,0.0,6.442440846812012,16.944602498198584,46.3093171174275,0.0,6.343361945825222,25.21973649204847,20.459275914528277,29.30480883214919,0.0,0.0,27.950992623497804,43.65637369615307,3.1603862506074734,0.0,0.0,62.643739622860046,0.0,19.144664460105055,0.0,0.0,0.0,50.30082346474695,0.0,90.9313112743144,62.650494892138454,0.0,33.73792520220793,13.129091143908909,23.072848777426717,47.166374762689685,27.485001239184065,0.0,32.438451905846264,0.0,11.860208438452652,45.36717399029816,51.148097504422445,111.55569248673147,66.16226494484621,91.75254729469117,47.979838541854065,22.485701440707405,33.74128961631152,52.16681966263183,33.65166234243256,57.06274775869218,5.4275722522662075,66.33156695821353,11.520954919194162,104.38842526631517,8.753045831806583,7.56497905986302,65.30707575124738,66.17990179647092,57.77316241771147,122.12442982717334,14.646816966474084,66.2867062868242,22.410633654513852,41.7269163432788,33.756352361901534,1.7781692743301392,46.33687801575614,58.09117492697473,9.17198565546679,93.5215685490444,40.73659385799008,9.253399778237853,51.14455402897217,10.253256125744816,4.152509657331576,52.887843366669614,6.389813292259512,6.1049229818747754,57.81621664112946,3.639164623426997,64.93522835171902,62.53139234116656,8.343100852458601,39.03600339810572,5.639659353735739,50.01302909192538,4.115333458285484,104.9587533549008,11.88703478983458,52.82544368687618
2025-W29,Mitsamiouli-Mboudé,0.0,26.09353091591222,0.0,2.9398229271102707,10.905030078277207,5.336890946393467,0.0,0.0,0.0,0.0,37.12183391118996,14.151558180185944,3.392212435578138,0.0,0.0,62.50506383366101,0.0,0.0,59.89124231422857,43.45927722203395,15.923410264320175,0.0,0.0,0.0,0.0,37.36047081964426,0.0,30.07132308504131,0.0,57.78315437662441,21.20658413613318,5.719275925599376,5.792195464059155,0.0,38.1567594834824,0.0,0.0,87.05611715577926,68.00718212061145,0.0,0.0,57.944805367972826,32.265807509979,66.33810913410754,41.83486568250396,0.0,51.160362687654654,84.11748425679639,44.47729911293215,48.72539355411482,12.09585374201161,15.299046937603123,46.18103548648951,62.563434048734145,137.60015869140625,0.739246549904417,0.5872543454170227,38.254271518479946,40.40779271912239,76.16424320337813,84.64585282910332,76.1319573533441,12.820634927691206,44.8040052210175,69.23941812001539,30.763729428798772,64.77699765560814,19.77387640754429,33.10866533675728,75.93608059085594,22.83399560360921,126.39361055268459,29.385711811344997,0.5872543454170227,23.83949200108572,12.882760821824618,50.828443670657485,11.337576104260231,63.64816474791127,76.07711951894976,39.91167087919919,12.879370913441061,43.888833288349815,70.28691667355615,62.94569450508673,10.628157141683058,60.83846089989008,46.82673040791439,33.90989510957523,11.213164456258799,137.60015869140625,12.888808133322524,13.758196325580107,12.850736507251643,62.48244399818623,46.00801421527121,22.616073322446788,45.66943331335013,64.99798738757748,26.986140224896566
2025-W30,Mitsamiouli-Mboudé,35.77829208666337,66.62370701518589,126.13909632584237,4.881508902990106,14.14106775196094,10.045156952956923,0.0,6.141969965746604,120.55488628098472,7.421170582765818,68.94721046610478,56.545654838054794,0.0,0.0,0.0,87.45818638502713,15.624599335065994,15.361158932625393,61.33456285133103,37.54662921793752,80.14454756255024,35.01104280530896,62.95765208691956,0.0,62.0487267731871,46.30670820316805,1.4607540698668515,39.42233038003093,7.982629914894233,67.08969979780903,0.0,30.320854569373125,0.0,0.0,38.039135904825784,53.858337167744224,47.1037356965529,90.29160730781882,37.235195692977385,20.489633867371282,22.040191741914505,32.95348371760899,100.90055093345254,3.8871430044511612,103.15813227149192,3.1032900803721972,68.1259255324397,95.73598451708156,69.64636840836394,88.87939949187866,81.22582159368682,21.531420236965964,8.44475920128799,111.89049609684754,58.23846413415587,22.557177457259904,58.460143007935756,39.82918355525955,23.199503894001744,58.446180550773306,56.077984912380266,21.349163769957432,49.83690610481133,27.221998659820855,5.671546459197998,121.00972837174322,45.505526629599004,49.00908785801966,49.155541143284616,45.559317927314396,21.181778265142825,133.2901504946367,51.19260561947188,53.30306149423657,33.29914719696087,21.13501971401904,5.869316504495955,23.81745570127963,7.256118233616111,53.09008561001958,67.9609595961108,21.45369784110197,22.10570429618837,53.28963504635271,6.7341679741195914,85.84746654901839,26.23698500835451,6.370038129557342,7.228617400773179,86.92495942591152,16.550856667586395,53.09443852769225,6.8682996292122,8.15696870554332,68.05763451576142,6.710076185899278,5.671546459197998,35.47598214228788,61.245826793551494,21.956560995272625
2025-W31,Mitsamiouli-Mboudé,52.09758533090948,48.21610324461103,77.17887817955611,0.0,28.133747098516885,0.0,55.84003090292866,45.02550986158815,87.22123989378495,0.0,49.11265749885143,63.321059569403275,52.39096813022047,9.140041089509026,0.0,93.38798550762908,0.0,0.0,15.099600638246244,69.32479396139878,21.936750714659922,24.940054185649785,29.301921851704584,0.0,19.94814752617281,16.347999670450378,0.0,62.062154510308716,0.0,59.02307658516216,0.0,40.21192138713802,0.0,5.813248061399484,40.61527525862934,5.680503902986999,30.67662375923696,62.10787454755645,43.57985776650605,0.0,32.20218951766864,27.54206646356736,69.70933278641752,0.0,61.24796893912355,0.0,114.88587131129947,23.63916126642262,35.65821273022588,52.900083512779965,7.38887492762418,152.17620849609375,49.40201440090051,64.14796385868657,53.554131671047266,50.540610413612264,25.59447740073636,16.953653959980112,51.76388897805013,51.747837630370064,116.60512237685847,41.21133189109924,15.611860064270694,33.50281229576136,43.17260587857975,26.829202500106252,55.98898135542034,42.305092904280336,1.553574800491333,41.315940959183095,45.239625983591395,80.59466018535657,26.366112510350792,41.72617650311704,30.95555762026297,37.9738607677016,6.097716645482107,68.19374472608364,77.24988681765488,39.385196271054895,40.13832829499592,5.248090813734604,42.70268882268391,26.9421123072816,51.24657537983448,4.06434910958509,51.367100657199956,15.132821877890748,47.575637931913846,44.40366179166092,9.72641037985238,27.468928423308775,61.88190943539647,42.93047721185966,6.125210476955916,27.583446376637266,16.45716907225596,46.27743566070734,43.19794879176285,1.553574800491333
2025-W32,Mitsamiouli-Mboudé,40.64209355576906,51.014589855180404,62.09927968071275,0.0,1.1136582317033117,0.0,0.0,100.63404571654809,51.49289078823746,0.0,70.01347891793525,40.804585031057925,58.05674898367532,0.0,0.0,49.08249902758378,0.0,0.0,43.86184421461234,24.23333049097056,35.34463469800626,0.0,36.329913240015955,0.0,70.39413660888272,10.130804513770634,0.0,7.239546772960743,0.0,70.11887793127732,0.23998253324343466,9.454102100150578,0.0,22.824061536487733,11.499851347524519,23.257649177923884,7.1792517309257775,86.59127728993624,50.894771551179275,0.0,66.9517882793453,31.187048795241402,28.9658464027208,0.0,57.4967011808856,5.050778191794393,44.50694100313267,61.59911891374052,0.5933006326413164,20.17159195387468,77.6788773884535,82.97098448688824,85.13216840606123,11.29901969338356,22.64732587348328,39.53271675733562,13.714028532220567,39.45273579329092,11.570013803287075,11.87355478139597,78.8879099029196,17.759647430824387,81.32572776439092,10.888626434470813,70.96250003154768,39.27187167737099,85.80202036718006,85.7093631198467,37.78979140973854,77.88124458856835,16.880816904929283,77.31062020748845,11.661714639772724,41.93605613239483,13.863778324807258,88.39836071633799,43.792374365949655,77.45052037498529,34.004669631706875,20.81320241789803,15.315077272785949,96.05907818942674,85.81977203392599,11.883803649137631,83.7404223018955,39.43912958371395,10.015950202941895,60.849213725721555,11.882159900012876,15.823845217244891,80.28335875545169,17.617764710924313,89.08169934247525,78.3435640482432,86.05140023639953,77.78000835722679,87.2310897132723,34.32957298204709,65.746801349246,59.48964204249404
2025-W33,Mitsamiouli-Mboudé,0.0,60.73966455755488,49.58662354136949,16.34613858246926,10.713882644300938,21.987529771371115,0.0,55.4128269945547,38.40339815001734,0.0,61.05666743827544,39.55110359100678,5.336770817603643,7.575599718848338,0.0,60.52867419502215,0.0,2.4807339514594275,0.0,2.016502452309119,8.458730697667459,0.0,0.0,0.0,21.308753217862645,0.0,0.0,5.320206551760862,0.0,55.04210240786817,0.0,0.0,14.856359278702552,3.3363253849896495,0.0,40.47633776420105,0.0,61.14293515482298,45.85543199679268,0.0,78.14939225178483,29.74567264526611,27.07440541559243,23.433044153853487,85.66283405500951,23.36779363990972,95.58867983533565,0.0,0.0,55.82777657727949,80.18259007937249,13.597042262244132,50.206900115173774,61.64901187485344,30.209480626037564,70.82741022591202,30.218272321531376,13.809541028368788,50.7575592274096,31.919294798482948,6.349544048309326,9.691152984751588,14.861629623940825,62.58799218005168,75.1374523833516,48.248397047269805,11.046492022078878,47.62961862931543,68.8056397111238,61.33681821432936,21.355803174163082,12.013364472730856,78.47262511892444,68.74703669696228,8.631359769086727,67.57188623098554,10.713080863620837,9.391685288842034,61.91180337758627,47.72223148242683,31.662589765473125,80.22190866213268,68.17576497762174,8.94191053454168,53.93310859170506,62.773121733943064,48.54137039953179,152.17620849609375,57.45423285437274,10.971805624914783,15.063533072517032,67.67122997797918,152.17620849609375,10.755140181538696,10.829432765907546,62.21344630369204,9.47676246418354,9.643424901780627,74.56948226792602,65.57039585547304
2025-W34,Mitsamiouli-Mboudé,39.721141508587486,71.04542098406357,46.06740623440509,12.710303971874708,32.96609448254958,0.0,30.659536651078845,61.77206426581096,0.0,0.0,41.40053200306055,47.30061012311086,15.964993059372862,0.0,0.0,44.50514564016607,0.0,15.157585104226413,0.0,0.0,51.080638453326245,0.0,0.0,5.602352831594132,21.69351403983088,0.0,0.0,0.0,0.0,82.93390121059937,0.0,0.0,51.45634560068237,18.877542519535204,0.0,0.0,39.64655520816852,34.203771518271985,40.01861165882887,0.0,41.78349826978648,35.99078787317926,0.0,0.0,40.647692551831895,6.127008335770597,97.7788437380004,71.65543590987086,32.59636777568405,68.43092899768367,76.29952840657958,66.39271477219141,31.97902190078933,79.95937051164739,26.696481984507383,25.452874154435765,76.36935308083336,66.7290728584317,76.5031884479167,14.917082986846552,110.04135808895303,64.97513252395329,66.71277869163143,82.5126837371723,41.914936445149436,68.57952826437912,65.99243210048894,72.51946166314542,76.87116113574808,66.72810223682572,7.19780790598389,15.62709828922237,112.08234507102048,129.89264076901847,128.3908862345155,2.090956564223605,42.12227359950847,71.00062799747737,70.72280583479211,9.924366552514961,64.88429898240666,14.556950597131745,56.30674130465216,22.945745483447034,4.829742595638797,9.045407495268961,81.46872530699778,70.38550752384552,88.36698149174093,53.67157996961374,45.76950258717791,38.96302025878995,65.07466810060632,38.05839613477588,70.45211990765698,73.5443395245575,76.21698101635354,23.192906837282813,57.62731959076317,21.65718280766131
2025-W35,Mitsamiouli-Mboudé,10.724003541844837,98.18032543511987,99.23149112812652,0.0,0.0,0.0,0.0,93.73127046233756,1.301808000244705,0.0,45.013254743016475,57.73802519508259,23.980648886639514,0.5334843237796463,0.0,0.0,0.0,0.0,41.11407645983467,0.0,53.466930194513616,0.0,0.0,26.906841005114615,71.04118646321939,0.0,0.0,37.10940322071937,0.0,65.5055078744317,0.0,31.86705440749006,57.93854171370597,88.49643629966872,0.0,17.21348513475576,0.0,86.48892460440786,31.81616132061091,9.875531404459963,11.88757205866877,65.30156423591778,19.73649097551651,0.0,47.30402977049241,0.0,79.05717389178558,66.92847778449641,78.38515590153514,11.866661925825902,3.9680391663745254,51.97742324015964,47.12130117660307,52.95791268928492,13.008405286950499,137.60015869140625,137.60015869140625,38.96259317623486,62.89125937445445,21.669700107821537,53.787063512666315,67.47544404403925,55.737258954817065,55.71009062138401,38.905122498177796,56.068391412167664,51.074012878754374,14.193836372434696,13.792306194166033,55.175617858464186,49.429028489880565,43.395427617311675,76.89246223700164,49.779497937653375,30.03736254592402,33.11152734902313,48.783470956558475,54.70489082913217,47.392877084821556,41.525375305902685,53.13897183942159,51.821492525031864,57.04179248379551,11.602852918318874,54.48974668770566,42.4061334887188,12.567845540192733,50.58745210936256,52.50809462222865,44.1443220412263,55.541237990282525,25.647367782464574,20.614922240250884,27.013338416387818,32.440641895751526,51.29155632366484,58.467848480795894,52.77468172470402,19.124291282675003,27.241205265653203
2025-W36,Mitsamiouli-Mboudé,59.59044010534208,90.29384630268054,61.25891184661994,0.0,29.641244071832652,0.0,0.0,52.43686289387046,30.234513997160768,0.0,41.9963771530525,64.16152290594627,69.3099495367958,13.289157028840641,0.0,9.76376624814938,32.555552777254604,18.608364560924613,0.0,50.37159854807551,51.72710370478026,0.0,50.51492516920238,33.10857472813015,36.828176471787,0.0,0.0,49.9505506489969,0.0,100.188853134363,0.0,82.19512776163248,108.58021178734208,95.12152078936958,5.244056889242742,26.892869463888204,78.99686602218799,100.94427457011379,45.20137079505053,0.0,98.23062602691846,17.122094730579796,11.510398081091399,0.0,61.74778780764423,0.0,99.00300596556838,65.32939723476082,116.70268053013385,19.21141001581349,16.479514818584704,53.41874440008377,22.003982705116577,40.83809007526726,56.61051368150628,52.2452862388949,29.622358665779334,32.01784166214405,51.188358152089414,41.87430439027387,13.614626052481453,66.05725304827442,40.829431104493075,40.20374869807312,20.20839368942323,33.60435676412853,32.01560876026417,24.000288380101598,43.73742257144101,39.946932876463855,70.95513455105488,92.134447721052,21.265127173878525,14.02254487587751,56.242040005089144,137.60015869140625,62.710146031957606,0.029210228472948074,22.073254985323608,4.704605591059789,58.26145444944663,45.264164722912454,40.83018035585768,42.391746406387014,22.099866872893713,48.02161486837939,1.4737072650731318,51.011097942033416,54.26365645226473,52.40043389303897,31.977903011715618,58.58320046888653,54.25700457270257,14.629188523493445,20.04285008464076,50.79645131877579,27.80018841657931,14.570287966765122,16.068966577590878,17.338037568820255
2025-W37,Mitsamiouli-Mboudé,0.0,100.92258017640849,62.19653953253879,8.616054579516351,9.02742561162772,33.63178776214668,31.388879407771334,97.23374076280902,8.585185257111824,0.0,103.0756213238256,71.84222099029506,53.000814850919554,0.0,0.0,16.79649289623252,0.0,54.40201801991867,70.3882469992443,12.81870309019714,94.34502418734252,0.0,13.659847944991391,0.2638349522106296,43.30901796264663,0.0,0.0,25.472211143394304,0.0,72.73887649385226,0.0,19.5203016641603,95.55521784255139,116.76765572831343,8.73806075699968,72.79493417907315,36.25398260413021,10.57034346873423,65.15354894181206,34.22848917213675,33.968413160868195,69.4376830331174,0.0,0.0,116.36828688637782,0.0,74.95320420047904,52.175214207634404,35.602266870413224,8.713883777635438,35.39460251158934,43.943084161965984,18.29036671206164,49.41729382040182,24.71707414864006,26.136773863243512,20.71876476447705,50.75758422418193,117.48407599211109,36.2491118209159,1.992377825466351,23.880981557501872,16.862162852651988,57.309147500289946,10.305105904797266,126.3093144310575,42.72779863826238,36.81692757385059,58.36229460661647,0.3084267342943097,50.61374289049793,15.733784079972096,56.85372336886759,36.90208802311027,4.213004393186977,55.12468308550848,0.2812770319124059,15.746203919335597,50.982960931724946,34.64403357743246,65.66301907095726,46.187366775542905,45.10825648579968,25.12408295677897,15.743527753872737,119.28366532611741,15.72704748668429,36.9008547536574,24.4108331525305,24.10517567469049,43.11884770913327,50.984918375823554,50.614220375514144,63.03028587874296,25.14829610432694,34.69517175859768,0.01221298798918724,50.41529159473954,25.49922379870603,39.82816029840511
2025-W38,Mitsamiouli-Mboudé,37.76783286278686,128.3363158781826,39.819923502514975,0.0,0.0,30.647399674437533,0.0,95.21022305185498,7.619140496204032,0.0,71.55772582635137,32.28530220606531,10.466283256764267,82.4338918510122,7.318943803049088,28.684249992253356,18.387867189705275,48.11067720333509,102.83145453352012,25.848291065204318,99.83502777536889,0.0,91.71428929266085,0.0,64.45567394549234,18.534580609454032,0.0,44.961787162004846,0.0,73.66929440716282,0.0,5.028319000020332,117.50279004142965,63.71494994236884,0.0,0.0,82.82460395851373,56.98874929266454,0.0,19.36211102825248,43.35974791701261,85.29599031310255,0.0,41.82982512651945,92.98415099747447,15.184203913674793,97.42646464923266,40.775294180741376,78.63423433391068,0.0,22.787441859005742,51.21639554290547,50.723287845229684,65.17381861654793,3.834455702621985,137.60015869140625,25.275597007141382,29.993554513404447,25.29108706240982,25.8867246190333,41.31342895572675,25.196282563342198,34.724013065113134,44.316776060444006,55.07048232285778,45.3074656797839,42.42561103835358,22.420480575241225,50.5593375474679,2.671356777702897,25.578283976947112,5.3278440705121195,44.61918627834586,34.22163721870697,44.24489215972599,34.05689524552331,38.509940873224615,38.695351203921575,3.7866079249536786,36.37930940577511,44.02298114906892,41.21349296000981,9.35679341273009,44.63623547210712,29.922315533057507,1.023154377937317,22.554307756696353,39.38239946298778,30.114335119709896,45.352100497299496,25.204672287740383,48.63943389827965,27.63565819185242,43.6148694525307,49.836144727035865,34.4596372755322,3.950998399600806,40.93780037252375,137.60015869140625,129.90273041873962
2025-W39,Mitsamiouli-Mboudé,102.0180646559151,113.40079375480249,39.62380381413507,0.0,0.0,0.0,0.0,83.83205744644715,0.4349323974709023,0.0,124.43356441831821,97.42420125107287,43.94078085311793,77.43660398936345,22.700345799047028,112.95694964543226,18.01053529614986,34.97184111711128,123.590897735923,2.265975277783909,123.88621811108777,0.0,50.753711639870794,0.0,56.24217120807913,84.66644173287278,0.0,75.2386089849684,0.0,94.00947324724886,0.0,21.822789166715367,108.71937835611067,31.071970808613393,0.0,60.29847782353839,0.0,114.0330430661751,15.187718068973922,18.495796554592083,1.9523990552377128,16.66566610240453,21.265323836771753,0.0,26.72260850243834,0.0,135.53852902365574,77.04586696418909,73.0863528622292,0.0,20.47036442818929,47.40409491406393,27.26202328107525,17.84273527038139,44.47685859318956,33.03168693065328,34.43144090063639,52.22081931492127,26.837984264480017,44.49632265150893,27.394103031876156,5.146145842010496,27.467628940567106,104.66489299869988,32.9879586799781,13.361318388916334,44.838280326576616,122.26985725739458,75.65047194221334,35.31572426843274,27.456843716165096,35.812150202367484,49.220276808148654,61.659782301033964,49.83887636697248,32.96126045382532,14.251434906670921,35.240703623156584,17.492285813453105,8.921663889068286,32.99903107830288,44.283169280897,59.675456840617386,48.68209738007433,60.539069814734084,47.64624321573914,45.191832808543694,1.4763374328613281,43.60435693907082,14.387438387980422,8.447260829149007,17.49076536634134,51.07829815500386,46.747967835324566,102.99994920622369,137.60015869140625,70.64567389654441,15.429713118515648,66.46735885184532,55.35386292842947
2025-W40,Mitsamiouli-Mboudé,68.87744059691576,128.15741449816727,0.0,2.7989504977347366,1.0633663042500103,0.0,0.0,0.0,0.0,40.49063127871917,41.71985187516813,55.85482341201122,0.0,21.327146911082256,77.22375385574013,96.5199784809235,7.460496616469875,0.0,107.16342641383874,53.68374184986675,43.46013836318385,0.0,58.95145997761468,0.0,27.174333541720053,47.608160464516644,0.0,43.805450936670155,0.0,44.06140502242724,0.0,0.0,67.41560490555734,34.570201927359584,78.12352749536467,33.7225202838168,25.11161703931581,113.19010444175736,29.819326598087898,0.0,8.631835732165335,117.41842109938344,54.880825374751836,9.914587220813903,53.54413625103906,0.0,54.58926786473122,71.39602417408143,86.7631053167328,15.51124163679546,62.25838378594547,29.11552249315954,25.762949220863703,81.26926664352018,31.65210333682772,36.23768414379308,36.53529980178533,26.456392466951087,2.7757036685943604,137.60015869140625,64.30754081208917,77.20633136073677,34.926260706013096,33.49541172162243,36.465035140860536,36.529081351917746,2.7757036685943604,44.6003444830784,137.60015869140625,37.181043963634195,36.439225821631254,36.441166163412724,21.77724753317767,34.07295187612452,36.922090384029744,36.47898958658018,37.52951121203847,55.010477281373085,33.573716972407354,3.3100834396663705,5.428455366413513,27.337961653641948,38.66043060930515,46.40374550916232,68.04023360245709,39.61705999939937,36.44565356582473,29.43963647891894,36.44490867974978,35.796368723279116,61.868523198263325,36.78196850882663,33.582148559155414,35.12278651521551,27.54655197964807,79.41916183925696,7.85955795092984,2.7757036685943604,32.70177776279861,46.571372045443304
2025-W41,Mitsamiouli-Mboudé,54.72316120531728,105.16948750870236,39.34430051570422,15.058856589413242,0.0,24.388886015624855,0.0,13.971395785644162,0.0,60.07813359844935,122.46068116139907,0.0,66.66204510710547,53.095535016482174,62.71517780126169,78.83741775156369,0.0,0.0,102.60764351425627,94.77308730291188,72.8547310990414,65.20757643837759,1.942628924613004,0.0,12.612328936646218,0.0,5.556521808430162,0.0,0.0,70.36217291068695,30.83464910770641,25.516956295564874,110.5314128971562,71.46106094164995,79.46307857225312,9.91694419177771,30.685775263403045,98.66122804290414,100.92187760529879,48.073281054308374,27.619377111462743,78.74497740769812,71.0392305527043,0.0,70.82505527371023,44.39994358452432,21.600000638127405,56.46618745588829,63.73672040419326,0.0,35.20061342608035,36.584347688213704,31.710293868553592,11.58664504678662,51.71413500346541,28.099595821388366,4.600687825367622,36.17882832410466,16.21272434534541,20.161698057424324,43.99862173159184,34.597658847552765,28.74499799055716,31.601707297043525,40.726068097121896,10.850891230991552,23.119101950505225,36.33463548829072,36.33004429588051,134.3487908401359,31.91085809952509,10.44673158169646,35.439524169971804,37.02235462726558,23.675557524953902,35.75673364003378,28.168416295942045,49.8990012066795,48.37921983956869,33.01203547552643,127.02179895843557,137.60015869140625,23.42643473728002,31.829337822860474,36.326757788252905,16.703024891889005,32.018656743254915,29.043117133370362,108.19763719895056,32.592737649825665,41.75356909818156,32.09902043110573,23.488067033244256,54.45539359223322,3.1461455821990967,8.730422581444653,31.789632385454137,37.9454622005172,31.51915602335031,10.83780660065431
2025-W42,Mitsamiouli-Mboudé,115.66492440154771,88.871393893919,88.14062009814606,6.322258636326659,0.0,13.541453858770865,10.355042455574583,0.0,0.0,47.18036928299674,75.4331269449473,58.45068520993546,126.37430281491419,28.10812389173942,53.696486137743435,67.43387420879777,0.0,0.0,50.76804348837417,56.85792310127782,100.47622093817603,73.10528384667887,30.489404307086335,0.0,0.0,45.72843180798923,40.20546448981882,30.81412792239352,0.0,64.39846584745999,63.88830255367192,17.829510033461904,52.33862342109711,97.37879729988737,68.09127034021233,47.63715774107026,64.45026463960254,77.51763513445401,54.738085023378105,47.32257972421394,43.84463407874889,103.06698979072004,60.99079921840103,8.6534651412913,81.52860262043596,0.0,81.6467496035674,76.1360754049557,92.95274490382471,0.0,39.086656802844914,37.10400268661283,0.6801420450210571,48.02390764343075,23.990669002777434,38.30660839909323,50.554737177579604,52.29982724210799,37.4631688169435,39.27996727151449,37.13984665435806,113.92077659717239,30.36929784017427,28.96101511317182,44.22609856065997,30.132422173932248,28.034917699684055,20.00765917247161,50.548722786825955,50.180204135205074,50.60772014115469,53.35374175666877,39.231686494729985,80.44276077999157,52.52036922716273,57.92683360281303,52.186582656510815,40.908246222480855,38.150000971427275,42.969422162837986,20.33117936871127,44.57462524113528,5.505798230195264,0.6801420450210571,84.60161424386881,51.36268010686173,48.6128338662541,39.482722758695516,48.79978691211972,72.42198956254892,50.62081222277902,49.83172328271185,45.0726476792684,39.832239762502596,51.575443193063826,137.60015869140625,43.0944648368123,42.84303205914424,43.28174104688511,43.13834452040228
2025-W43,Mitsamiouli-Mboudé,76.89158734855988,61.16105254162802,66.3862327017655,16.549403621738882,0.0,0.0,16.070305274383855,65.27419587020461,0.0,4.473292618495975,113.08768818511352,53.84391360281113,68.42596297088649,91.79394694422106,24.471744283143252,33.80126028812187,0.0,2.691015896671445,22.95475373498492,36.96199449647519,57.29998408495043,0.0,16.623269087732773,0.0,22.318595245312473,22.195220135058808,0.0,54.9682247683883,0.0,86.27841792063015,22.177997449527297,30.632428480651974,61.27062570780085,68.00494093913701,85.51814447485083,29.914373175500472,23.99842320112589,78.33532787067782,40.26988221660285,4.399128793755203,17.835793309930004,50.280947159282356,19.94047830969412,0.0,65.04256349432896,19.006542459063805,29.901256458739827,33.20042223417645,113.09576802148231,27.252000513291545,137.60015869140625,40.23971727960892,34.04447455182132,34.43316249717338,34.86577234364024,3.644732847355746,35.50904543108552,45.420575235606535,37.45144732724084,28.33543456312946,40.589779768369944,40.44854856658107,30.028726017968044,36.737728965833576,36.49046728398177,52.446424850806864,26.11373981904765,28.308695251048395,35.27274884659526,5.526098633142027,34.796283903656644,42.78618183694066,27.506555771249317,35.04429554076809,137.60015869140625,35.420542228270094,35.38181631530945,35.648720410970235,28.242755523829086,27.47447583813194,38.63906948380205,34.76422082875001,31.232963469501474,2.298037561648355,54.18670073700807,2.5352650060086184,40.989747603151,34.7419398758734,36.2034198271268,29.462057878060875,27.64487342611508,35.531565324612444,39.93113082023039,28.31358273653426,34.89983369345597,34.95063782578318,28.46649320926807,35.67871758690003,27.44906458023745,35.43601934282688
2025-W44,Mitsamiouli-Mboudé,114.0097100380036,112.77834696674486,48.824125510102775,72.67578186331347,0.0,53.8492765844589,7.842452455636085,17.37135093014713,2.293503693316879,113.85360042772504,173.03902732517398,44.68406678179161,68.92243610455475,98.15053796130873,44.52460733434882,121.57270481858177,0.0,9.292176111158696,98.59830797819833,4.9890077013532945,81.18271081934833,114.59186293839838,0.0,15.558957445723436,0.0,37.30031272447067,3.357588807829245,7.505206703221255,42.8076230891989,60.92905520180454,12.113926495033184,9.200368948783705,89.564367762083,82.76361356644324,153.33989953998469,64.64965210223423,7.977295122737921,55.92376297483429,87.48945649656912,0.0,40.757757434081995,119.12653044818552,0.0,6.476528413146845,92.72918372218061,28.995266631646682,122.39613068851679,49.3305811659133,112.02922857583125,0.0,19.720368934185913,47.65496943833037,32.32668729089188,42.06275006854301,39.67400006270639,75.30804477812362,48.4482684368083,58.79640350062827,29.75326551612559,34.170818751414465,13.10831502822123,38.00063150529976,52.70173099060902,59.38698381804824,51.643181691252956,52.32184560185783,27.323930935044245,3.806812856402609,57.528016473597205,25.280402154264994,16.611514249075775,89.6362038936503,122.89409814657554,52.113422450861265,35.406892273833364,59.23902463578443,29.120714590677423,39.11131972801808,34.40051297403542,77.31639537526647,80.29821702259026,52.41651926043108,19.639809879779033,47.05011308383898,30.723656789874433,67.37477930556405,20.46781818985514,8.188048209874887,53.54607299005664,42.19703078551584,59.392924818932606,13.00815467692426,57.984052342250976,3.839782990195141,1.4666277880335048,43.28024901535013,29.57389386449446,51.91688897037208,0.8895192944987611,3.3415190443936003
2025-W45,Mitsamiouli-Mboudé,60.69827264882757,84.95190371817965,96.05033240080999,67.23663409354566,0.0,40.12463707154727,0.0,8.126575884491196,36.48434103739428,75.42688944267422,152.24413207947353,55.69837801173758,101.85793288895987,60.76883050178147,37.73896981553315,87.5541948258819,0.0,33.399803046900985,0.0,29.71594709655647,83.09773746777705,85.00857496843733,0.0,61.81588703162874,27.468981231669765,42.98433522123272,3.8024616821601,98.31670440120199,3.900190042597039,107.9795699739534,69.9987186388257,0.0,71.22400106901716,75.17705860658745,76.73064444437264,39.473422572979814,28.79100835501875,55.049392924656466,34.19288023187598,0.0,20.135206656016464,122.21556708687099,31.044411300369255,0.0,49.082016888051754,19.424339371454984,144.43642473462128,67.46070472852949,105.90860478149912,0.0,63.69875783528652,41.03171947580656,58.940218690069905,64.7326766761604,13.193903733216393,64.76668866997767,42.324194052919644,49.95485931663135,22.72791647413201,66.59656587230779,55.77855889849243,53.6739288870027,130.77607539212465,45.16256490738732,77.2732525296655,62.96893852960659,92.72380533308727,83.79967178712165,137.60015869140625,29.645778738447273,64.8755503517143,64.91866841411385,58.13385691989852,42.415485774591666,127.16927543322261,40.674910347298045,53.43139240994505,54.46566388380323,34.290479517349915,63.2468477575086,23.497610706826435,60.623648910314486,67.3312678464232,46.50468015849036,61.96458331354691,33.09759392058211,67.13507571930563,113.2816166050587,32.13477999261198,60.56825527724698,53.72879920725348,54.936898098237265,61.67785547183103,52.84550889865359,56.307689757136814,41.914417356021424,49.44304886814937,70.3353181039805,28.962974411921113,56.291177190796674
2025-W46,Mitsamiouli-Mboudé,58.2858811058981,122.3129168817724,76.93420474897644,31.01534838072005,0.0,0.0,0.0,53.72332657771059,44.65443178445832,58.40535959678596,100.8827005061636,57.342649587545026,41.63581588316382,24.3979367471525,74.8139067235719,136.13411093923514,0.0,12.487035279696748,0.0,41.845595502133094,59.213708640917005,72.3755982726648,42.65182157794335,16.365669390078097,0.0,84.71754109984238,0.0,121.53635972692877,0.0,36.73611371231785,70.41159282842014,46.11992581796307,80.4288926528223,75.15358032343508,87.56465500234808,21.33411153024506,19.606358424787643,68.25071127031396,43.48743828461878,0.0,0.0,123.0837526529082,0.0,0.0,111.83256674121081,17.987510432149843,98.71710104326355,63.059644893737996,113.58936300102152,6.461618568849715,33.27227929790057,75.271082599568,62.63780275245607,52.0785735132233,39.485096986792115,55.03037273996203,119.68840008878922,59.565783503291556,58.72373703424559,67.55031292389289,51.23181171898371,53.59798130263578,47.5757960669041,31.403110479566607,66.08341499940992,78.20301625869679,84.3930907782986,78.92641700068658,57.30181027351375,44.231724053418006,63.90838385767701,116.69335326579909,66.56447954177668,59.02932012212491,65.40497322823104,69.36496865017992,90.09350125440452,68.72087618385436,54.474773204773214,42.4936758972133,59.08997036015125,47.487700410595956,104.39313907312916,59.5017313356882,58.754667711657675,48.253546299777064,63.99257216588587,60.12427396023052,29.299601245014188,77.84717130370419,49.2977556035972,54.38170167185854,35.34434262256903,61.65813419174124,65.65638378370927,78.9601466736726,11.239956737707477,135.8817902277678,65.72042236543207,44.270356487290925
2025-W47,Mitsamiouli-Mboudé,35.47954153376601,112.00562684865481,135.62855897934895,60.221103526839045,36.646850646323735,35.14726557343254,35.771964125380265,8.952983162524944,0.0,44.653048416222624,139.10580060534636,29.067020861126913,27.72562525161261,68.71932679597971,16.0162690907334,114.18507717102588,0.0,81.2762037922491,0.0,0.0,65.31884332261113,116.31681673731141,44.891058420260485,37.66060837572135,0.0,59.72009754130956,26.129860630776616,92.32624910226411,0.0,30.587806753032122,108.60767762057851,39.79746624274365,127.03200552250598,74.73349572462917,99.93849819605825,69.06744967391263,35.61149525964288,2.6478410602166704,99.96171823773531,0.0,5.216146844058365,56.92431423218098,73.910064681336,0.0,29.057604466823506,10.979280370587553,116.31453657677122,83.94485759517909,63.222769246384765,40.095615348121626,42.29674851835215,55.3176009342719,104.28007972844246,54.980471720077624,73.51455612506525,90.96942660245757,104.14227517663248,89.7729018768933,92.97222920411247,36.75652765771551,104.34212595045386,53.855858126486964,30.210092575428792,137.60015869140625,41.7810759229836,31.03791983063238,87.62181646851495,56.149566219810644,30.707465044458466,84.17045980386814,93.58302750839243,98.75997110390117,33.73993990660207,77.92162593786236,102.9483414354916,34.683889262746035,42.88021152460146,1.5868630409240723,75.33090616894722,40.51533217309856,91.19097012178482,131.15253705970437,43.07543984973958,89.15326565527721,43.63552351111409,1.5868630409240723,93.53822273385173,66.87678282589607,123.37322392858599,75.7267368062634,34.073577554005794,70.8088619316076,42.00879850880921,104.36504900124856,90.67919256906359,56.685241112153534,75.46157526526349,90.07869004137713,96.64520006890451,24.80894916696941
2025-W48,Mitsamiouli-Mboudé,82.0375833154485,84.19354181535999,147.5214536033708,60.04860302031669,23.023667969997366,9.832142453638795,29.423351716580605,28.466576949496588,19.743097559440432,90.3456351555146,102.27867453802232,46.162187865968605,95.05747400406585,96.96564792916328,0.0,141.77768990610997,0.0,32.18631633916647,18.787492149973712,0.0,71.6502198389197,70.90785099553388,0.0,89.95185326129196,0.0,93.61750007621214,77.14973710736064,116.32782006177739,0.0,77.36025672408422,31.42168800878107,90.39039926516932,97.8548377922932,47.12346732973044,106.65893081118011,85.86647499432355,0.0,44.12037838353298,66.28218727572174,15.83710448448113,38.351712858945525,57.108428426252345,2.0698619795617645,0.0,69.8696660165079,41.03075232643995,80.11423831123948,88.57397440987847,44.862572311535814,6.47297695379342,8.862253189086914,33.35067838909836,72.96646239257267,75.862114436875,34.037756192975806,74.0002998565225,75.15316649716357,33.183263860489404,100.70722606452301,82.63282764043765,72.55305227086673,77.2268504957287,64.70499813529236,93.89729915684728,80.44893336291172,76.87810154965813,99.25962969231901,91.78974960588225,88.92341701588573,48.25633666864377,35.63420972963099,86.74904355751676,75.93187843704442,86.59814712920598,87.62601367726361,63.22909143813891,62.88273197711268,76.73161909903426,62.522143865266465,86.21008203088995,87.46119201414793,76.0543009408949,87.20710160034366,77.31107526024236,87.09175010668751,48.014712218263945,87.36764417110848,87.11552438411485,62.29660067321836,79.1361103132269,94.02369493105752,57.271102935557835,87.33566837445333,120.49497059888463,94.48330975477619,73.3839032750716,83.39856500414172,137.60015869140625,79.99549702506195,33.36862585811092
2025-W49,Mitsamiouli-Mboudé,38.56433996094636,51.03106689095852,116.68877871815988,102.4420689742401,14.773562098869782,48.726740199202005,0.0,4.177943189266642,88.99852106683005,41.500511906185224,61.763815886573234,67.30798153276092,27.67754548060951,17.4612830594462,28.316658197845047,109.15945288528587,0.0,54.45494197685388,17.74326188649114,0.0,92.91210315990868,106.51761277388879,0.0,86.9972060565131,49.27263269059798,45.23950570634496,36.35344579986723,126.98909431141598,0.0,66.74481887230421,49.33832146605473,82.0501171594302,94.67811945352545,18.97476183147732,115.20228887420609,0.0,2.096363724309967,9.092278396338767,0.0,24.122169638168664,48.2481391315803,0.0,0.0,0.0,65.83276523683959,51.556770827004534,24.532160943682378,60.93588193782546,52.43534984261308,1.4936875182096685,12.910304524207529,118.72028473443812,88.57978222432641,40.67922088853983,78.50574503847977,118.38371847900255,92.60461009526908,121.2366681180113,117.83912135545599,138.19560335131615,121.55217035789974,43.965761274938906,112.28331038634418,8.534887313842773,138.60296630859375,46.710336456938364,112.5747938851292,120.64250919793108,26.78181966003377,120.5705092924211,8.534887313842773,90.39230983660563,93.15395899847061,83.9262511294453,108.73757924510325,121.94580508075553,67.79910396563538,108.00373450105245,121.37803075976394,118.61600583000853,11.904297712559735,125.29378590097605,13.1707531186007,108.9820679904954,106.97497161495097,118.7073839898088,25.59083479764463,28.654816355463087,118.30542066629228,25.69601781439928,92.94422050552252,117.52197460083201,112.21501785549012,30.065406450080246,52.93379183554387,136.11333569282348,91.0535036305829,12.70186881755643,30.40064307380169,77.43124518487711
2025-W50,Mitsamiouli-Mboudé,102.52767295040292,74.53177681006173,58.26939037249643,49.261139054677926,58.746285626025006,15.23404924525169,0.0,45.36324545274945,59.118525356088725,30.752707634915026,66.67208440922724,44.19812917433311,103.15369873097046,8.687638692189651,29.473076709453633,136.20610922917933,6.70900511306499,97.29308847577792,0.0,0.0,61.69319339664741,91.81029692118912,27.58871800895901,56.30642864987454,42.62691087913148,47.5414468166868,88.2740175924667,145.98896264264772,10.555908520290856,84.70604562241307,91.44086018367356,54.39753936393893,114.4671739857016,96.49246976792674,92.76265321201748,138.73079627810523,0.0,24.362913997801144,69.02916758521478,90.33065762261724,57.84726994641554,70.97796888925103,0.0,0.0,64.24669554295014,46.32128571548623,1.2658110585093567,103.6671705776744,98.0644654251625,0.0,144.1934814453125,59.16572360251541,4.018794530793544,96.40805414250573,22.23029200066215,53.663535991578,144.1934814453125,119.4775023154008,13.41657913564484,94.88125249903992,27.842073793757567,26.171836076817424,103.28051415555122,96.22199739316459,128.08237959851692,137.3194314471358,43.6818374069924,141.18800202831898,96.53788961177104,49.736093002343154,133.46034039936993,7.5555582266722725,100.04542671231445,123.89788741564828,54.7372902175685,135.28908219956497,40.49491567374491,132.71550219741357,21.319119198457958,27.252076920457757,93.12520991492948,134.5022945458817,26.479068631825537,136.1308585874136,35.237739472733104,94.94644606599648,87.70598990427565,26.1104300265501,143.14727418989898,94.70199052695482,117.15052219742121,102.38206372830793,96.12110418965887,104.47728994859291,137.90238941228804,118.09119943115299,96.90890021902136,111.34376511799361,104.06433617908648,94.61572236837935
2025-W51,Mitsamiouli-Mboudé,49.46969693082096,72.63902735015247,76.23798923239201,51.695109595044414,23.88799962535451,31.21356046757804,0.0,69.80227751183807,81.2614353584928,51.037705559625046,43.72031676020548,85.26248094956047,136.81877862421595,0.0,0.0,98.9613679658665,0.0,97.72501538273198,46.669820935551584,0.0,115.30216966332982,42.09015085310393,69.66686652413094,101.58919138685465,29.98357791138244,45.797993150836184,20.5568221347976,153.43052571356566,25.571576623544598,0.0,107.44993779964724,37.34289022419301,58.01606456654439,86.26182641961839,80.02564051368623,41.289068901459146,15.973576177681863,0.0,40.923589140639535,26.824965036981308,62.1234292499429,56.77690012032075,63.35773546993716,21.140269287865507,92.93932492767325,66.48559819027628,0.0,118.89711572904744,106.93503320921548,0.0,113.97086141433647,84.00064151539982,117.57701819371701,129.13866040626633,128.42712168431433,119.07688297554176,112.009144255436,117.43174219888267,30.80039777874622,92.58488712370477,47.95468322513598,11.150286674499512,128.9676080898341,122.60809417678598,102.48881913737549,47.530147289784566,115.42982467590599,82.62830157887147,118.42040802858878,129.617431640625,79.72228449658886,46.21724164124157,49.216495045922095,19.69681595912504,80.14679600077612,11.150286674499512,23.331561201491972,49.71313524599759,30.531028979551987,116.98630936484615,21.247012112445617,122.61446885837654,42.75712455054904,21.95503922940067,11.150286674499512,116.23113605067236,47.862029472561076,101.509105475444,22.672457523060334,129.617431640625,25.937419126377115,80.3440315441563,122.13101065710923,46.28240788071476,49.16920554451118,118.51881448968997,49.90241946242682,11.150286674499512,81.55040087223065,11.150286674499512
2025-W52,Mitsamiouli-Mboudé,35.88916980937431,44.237915571392335,68.33986226829609,22.92226710629194,31.60610596935615,20.89550852562702,0.0,48.13421466436441,20.897324531516812,34.51809870519038,35.062514447025514,19.752022772279872,40.46310429328002,39.17447115005699,0.0,84.45254182018412,12.735831629638653,83.5491988035273,38.50223911863096,0.0,122.08295457811698,72.82065756946007,17.12937287964565,63.38440525676782,75.64309609120662,23.20649886295235,0.0,113.59128072961978,5.572466141398806,37.848818559286514,57.35810282911458,116.02334340270087,101.71926149964655,17.622222282329563,45.809306301019646,51.05780375521447,8.070690633590004,9.64420580971181,120.81756244850533,1.374735222026601,0.0,53.42816106585785,4.045409816774409,37.81143431199393,21.634325136266014,51.09619941444403,18.19485051419302,108.643855620437,86.93792055793304,13.708685521237665,142.16361657534023,110.3114698093281,103.21787117534907,27.121488179106713,118.93120685934136,115.87587717762058,15.419315436315106,140.36837677474395,102.94657982282287,133.38308610866338,48.68294931935971,20.718845202601155,119.45132262632146,133.665624608099,82.5511173650053,11.485057830810547,138.21243661031838,27.780568347265525,66.30960883509502,107.71950458229487,19.449900815301994,16.62522641212298,11.56313283471139,142.40011770199973,53.53788154700765,113.76050399856692,152.17620849609375,114.8811660567686,100.02879439483472,99.80912568503376,80.41128087032497,104.48097237202371,148.4386413016796,132.50046141131656,86.76858108357168,63.26688729733412,140.6036333042586,21.366837991744994,138.21311296298956,45.219843802003126,122.18959211484703,136.12777841501284,92.83469458693567,25.759908488427094,138.21300896650155,76.97220630057875,57.83259357207596,99.23540306721213,87.31850234933783,116.6148599373487
2025-W27,Moroni-Bambao,717.8728454605625,524.5459722124356,872.2926349985487,680.0546883842812,906.363887499303,690.7307762088925,778.1317832799779,731.616097352708,555.008970695779,589.7430851245396,788.2965446368801,699.9999438408112,789.6952404835431,651.9475945830802,669.663781227955,530.1306056429166,595.933756462018,625.6428733848659,365.39815511416884,711.8492440307228,453.0692191369211,737.0748215006512,687.0850249847778,874.8679039595244,397.52363560936794,701.3717629372107,954.6916916386008,709.5433015256482,592.396087018855,774.944234266171,611.8122124322633,341.58618403330536,371.250392955882,530.0461939319017,598.0716369096037,739.8904035536608,702.0067572083025,689.8006083297153,795.9150954363669,585.5445616854379,721.94542634263,682.2784036483479,559.5290750594905,707.3076850649626,664.2423382874606,574.863690988993,603.6026833053068,783.1170721786136,553.1690877907259,584.4386295806482,489.47782665556593,533.9073578798277,752.4052341499801,452.2995462574174,540.138018191922,653.0052210752754,751.6513367959024,608.1694124613251,729.4206310026518,501.22917934457047,522.2871832018773,786.202607927161,751.3233897599664,570.6097686681678,542.5773930353939,538.3331917924789,469.8322345524639,752.5328053325597,726.1725933690908,539.8251168023601,506.72447579870817,522.0547428418473,484.29230812512856,700.4839663678083,569.6926230036293,502.42527176236047,646.9050382400657,946.9306030273438,484.00954155814316,540.4680409975061,544.5017214230536,492.3684985372784,554.9774127206233,626.8456392916589,492.17564327000963,492.122176479856,745.7265953863877,511.73921678692574,647.7522528215607,647.340622924347,736.9509277069903,710.0544597656881,737.6716026459137,647.1604597185391,537.8697546485688,525.0329239846549,522.9035011250826,529.2200353563546,486.56369927373305,530.5310022453549
2025-W28,Moroni-Bambao,617.0871484371136,544.2423680462218,686.0641826542515,767.8540621392526,590.3514069018581,866.6458562356898,1069.4279844900475,461.25366828033225,789.3528937204146,516.2172231589348,805.152662106412,666.3617304050533,890.2369586104824,885.5081553005353,852.55867531795,451.99252238835123,637.9418347933026,576.8417828829439,831.9336246235775,498.0168817866286,585.8178504911975,702.4495734638126,764.0552845311645,519.4961389065003,370.39623899807714,1026.9197952462496,1078.178538839591,649.9835088191081,817.6704517724917,834.0830255594047,565.0916933514866,202.3968942778564,499.9125964893997,522.3751251437601,751.070203403165,663.3427556684085,826.0968551441723,418.33841400005304,572.2240645360943,742.4846498658611,670.1816350253224,704.5095045610012,382.38480291667753,792.1340207561747,818.7401330453376,463.743726947885,515.118936674679,793.2253625972584,817.6175039732896,392.74479141751425,547.6712278522382,455.6615670091754,535.6015259523789,625.6040125075169,594.8904456841206,669.7084052214252,587.1258162016422,731.579119146258,655.5996309854946,505.8242789133707,946.9306030273438,443.7652282714844,597.4178305260019,650.6329925613346,537.293472518428,597.6391552496144,542.4021249114322,488.03003290754293,443.7652282714844,504.5180651735874,505.87199436333543,599.2136956968765,576.9882208767327,553.0796036643027,619.3759187950725,443.7652282714844,535.5285095458545,629.5142758735349,762.3281680744296,552.0441053275161,499.4123271756973,659.3175513818708,741.9390327678383,550.2283657562593,530.5589075558393,467.3445565549355,596.6822922637054,762.1944291433263,612.0022553747284,536.6953734558625,601.1386345852832,703.8048372084183,555.6313491791386,688.2621937370295,547.9315070515449,539.2671134341464,595.6478235597409,554.0030005796184,946.9306030273438,570.4579498707371
2025-W29,Moroni-Bambao,543.7434145219779,667.7630302808674,595.3218183611909,815.553981418866,553.6403830616248,553.1936721498613,976.0948622898521,531.9463888627482,521.8992104260419,607.9532475659935,1003.2450814629071,860.9768694613631,872.4694629583707,798.2652845122986,835.99727389467,479.0524646088479,585.600825705255,677.6952933504012,930.6488156997241,532.958397014858,478.1181420446462,682.5865683235788,671.6044784712954,532.910290259767,247.29436068826465,940.2036806985,847.0198900781133,697.4506125161608,823.9999867616339,596.9937579347585,520.665946817527,212.01308930917003,584.6613787063358,486.2037172739937,835.7165817579122,784.9133735967484,707.8115328681724,302.72818790502197,464.9741875431188,937.2158388391468,693.759096333304,731.3755104644537,519.0278397184363,679.4685080990109,825.2261032166944,731.7065305382736,341.7804855697511,785.8439755579021,725.4933401230578,70.38110322316766,544.6044788212198,545.4991956530473,569.3420860586536,543.1785350813557,598.1076796800503,544.221223758396,544.5102876000515,584.4543146578119,461.33714196109753,588.691606242507,562.2611252007974,555.0480309443444,597.0328013699336,614.2243397437877,682.6588067088684,543.9839521782476,541.7838499228792,595.588036744575,576.9851711041749,586.2079336971037,571.0620366915521,622.4483803277495,516.8848392989032,571.1049564619552,506.335679603223,546.6282701129849,589.2559382434351,560.6723427876923,544.1778416730234,707.1352918313563,622.5239666928217,565.4551301005779,831.1254565539252,548.6602879063889,632.9931984783301,510.327548715488,538.8645668880167,542.432090038807,471.4031411152181,561.7865765422483,516.9865805785089,586.4593595884978,516.8871989897589,484.97506609232926,919.4807433322276,588.9958666378045,767.9828206734288,560.2845753641592,447.8840633225043,575.3371611060263
2025-W30,Moroni-Bambao,1016.4495616247716,620.8217852927074,699.4592920295166,1123.753189041246,732.7980125255958,569.1228669932551,748.4654370909514,615.6247364490711,560.8000171894458,733.9959467806409,903.1791867372604,1003.6952238192065,899.3104498467975,671.6771744174578,685.792586837703,567.6252050273195,626.4127061053789,292.099478861885,1160.17461521889,703.2443246504497,598.4771899877952,736.1703245834949,832.6260172515208,515.200643049125,360.34391563318405,837.220921901737,803.0422786613183,744.8340613584452,804.5601699810982,466.99252332306344,640.2776307696665,177.85826414633777,878.3637920988904,714.4061371228645,756.8657222209608,528.6108655951803,671.6767548267494,588.1704219625852,447.88599356132625,846.2822368090023,617.323581217038,1092.680850679481,485.2491834966239,689.8468945802833,747.5857988818706,754.390959486609,366.7856835990008,602.2751684600034,624.8982688589301,539.9336108236271,543.6721072074106,443.7652282714844,721.9233780815584,548.0810464339145,617.5364589516485,519.1869492903386,547.2133199391554,482.2538146010673,942.8795557689393,501.83173363906485,466.4251322976018,455.37519457258503,559.5313832072552,946.9306030273438,751.3687592604064,604.9394894278377,946.9306030273438,608.580345169439,495.79793964684774,546.9659687584036,459.19441190490215,471.85119837512656,503.1239587503616,471.01180770625297,876.8201979511753,946.9306030273438,499.3459957605261,606.1911475364883,502.37341008105255,462.7428075700641,495.0870506777703,475.03516922202897,492.38066281801656,471.56973362285066,460.7122447216664,471.67143500464164,768.0594842155427,459.3970704851796,491.36474538502546,535.2349436250527,497.769696694816,529.6257342909694,450.6826917841441,568.2935356199569,544.4077170450461,591.7812068716177,544.9475085222634,507.0331283181969,497.3501587299097,472.9573290817641
2025-W31,Moroni-Bambao,811.7483025344345,818.5790553923985,709.4176881927723,1007.684418222017,802.0909290219711,645.2730665820096,723.5609718108973,603.4460116522084,643.9867059499857,721.8858885923862,781.1066982944958,601.6305290459793,875.7593269318032,691.7302039645863,557.8099112377032,775.7585141403281,859.6607020574511,512.2158933684203,920.7885856377304,630.4618386272879,826.5120820028922,922.5118292956012,456.12926437183205,611.3192130514121,367.0335080347375,725.4435241266709,661.8686944465156,594.1597599430152,888.8647948494281,594.2776186176626,619.2008009730026,108.6095767836498,947.4165945313277,704.9473589871004,589.1778478488533,661.0055115733777,770.9109195039936,432.0964890677435,697.602175274862,916.7840590613127,600.2540884503435,926.4947129896434,498.98712544662317,943.6925068953194,776.3008672686486,779.352907681272,555.9255494075524,600.1334288125502,611.5418481458859,509.0697177238137,538.5269152580646,444.286787773015,526.8476572121479,563.4520161137374,465.4949682433074,462.5428355807704,557.8364087180886,530.784276227718,639.7003247446474,792.9551749400696,873.5577056823249,532.399503160987,509.3904450384368,551.2722825958516,554.722979760214,553.9638892764306,526.0635922507672,462.96926710612684,504.6257903399621,481.7365914505928,470.09263970903135,766.4817914109851,443.7652282714844,549.7892997293355,834.4735660074014,529.1934743709227,540.4995509803302,567.8674873274432,525.5043888983956,537.3315757329568,649.281328562053,579.6888023178942,643.7524463174707,946.9306030273438,529.5940503501664,582.1437104645283,549.9927440670286,560.6743704916048,571.9351513854184,585.8779227558729,701.5664188368136,528.7750768015168,558.0055105420635,515.4294824230747,548.1893125323868,587.9201318978393,633.0793283119745,531.818102973639,539.158361601404,527.5282038790513
2025-W32,Moroni-Bambao,458.7502719673064,424.53945547308194,794.6891144091319,919.1600727146044,632.7411558583856,629.0144657956959,563.97762673456,551.0827540758104,923.4099564603164,930.4364233409201,580.7714208038101,192.84853313748658,676.3093798535435,701.0884464898481,602.5665583672039,1002.3339633861128,697.6958460081348,617.4934807248192,438.634388565777,512.690587947305,534.4183581524176,658.8739039018401,716.1895944723385,741.7033486791943,439.26069430985615,598.7444430495921,422.7257381383166,470.87959929693295,876.1374455604805,645.347568986336,418.5515103526259,314.24947744630106,773.8083195975323,523.6297980884184,315.5280293539625,755.7846742053515,726.2655935543521,515.2636508194198,1102.2350910307873,545.2244931232592,1007.831773323919,920.6210165129189,602.6880763249933,741.9706687665538,775.148520855065,956.4708214288382,639.1721932080908,750.5407000269358,825.5297885525647,676.043638488246,485.20973302313234,495.61814849801453,733.6793860759254,497.4597727165612,945.8134110635303,494.16731532530054,573.5479993624465,518.868134044052,547.1179414403895,522.8633843995312,556.8127935189071,725.3279169066444,517.5930559885361,463.86195537969667,495.7967942338734,558.320368182843,512.1705684278685,515.7700386243678,520.4434323822205,505.31628274934263,609.47233494771,574.0235225136964,564.5545390095283,565.5908571873404,710.9807619908261,520.3798615637558,910.1291508466886,472.5467867796001,522.2763254173366,567.2480978088525,510.33266959739586,495.8543547130699,515.9515727507476,505.08902374145896,729.8610871018485,505.01162793258413,486.11639541407936,519.1719206987248,505.9626137651543,466.20954683898776,517.7608278089112,514.5925126569268,485.77525343441545,520.5000469147353,518.068375523862,609.3080870158014,505.05810780326186,494.7221750817669,836.5415118588901,517.3178501770403
2025-W33,Moroni-Bambao,532.095615383525,366.7156175118391,719.0133643732289,856.5107839102495,509.960017589426,589.6252141009445,607.9414877018709,483.8473651545083,713.9855903120213,723.6979831747724,294.6919291546177,687.3248550799107,716.5595490821822,884.0159832029603,614.1778384444799,787.2096008846615,621.1664316745856,414.24131380720337,607.6403981026643,880.3995778489748,193.77348931839617,636.9123491165423,908.8930775418689,688.9397819633631,510.1664708259919,581.6361076084879,255.14382470693806,337.59343021322326,854.9912381926697,458.284298511018,713.0758924676907,522.0460576921172,665.347162367957,458.8003977825894,328.5533520366151,768.6640711342277,681.7201636624047,539.8431109391668,902.0072393706994,500.60139187263593,717.6937544755918,705.1072609511948,556.0356361802117,675.115576674895,448.72838065898975,903.727684492115,553.4965743688722,603.4325059700141,997.5867929485161,606.2194832662107,444.84390349633475,640.5966390613559,482.7273426816695,618.9680854107213,577.3423716031665,921.7947434134414,908.6527501384655,489.48821406347867,604.7514422558903,497.6729546438724,528.0549723658715,523.8002911506045,458.65703698384556,443.7652282714844,460.28037305829423,470.6586989102134,486.25180791531733,730.0567596995523,515.8709312002412,624.2368535824228,670.017826739264,577.8354149869963,504.3679855098051,701.57175285942,582.1012510670855,583.1239423391761,719.4618428064077,523.9859503699607,516.7982338499826,706.989804421687,507.96974171742426,631.361406470541,458.30562648611516,443.7652282714844,516.7719362746564,465.1388989449082,946.9306030273438,443.7652282714844,577.557385480704,485.0175695322533,916.6681708548285,504.3630905874704,444.91622016988595,444.74097701273934,518.5967866416593,946.9306030273438,946.9306030273438,499.93933374977496,511.7174583354937,469.36431088275293
2025-W34,Moroni-Bambao,448.4961795017675,416.7006105178828,543.5325793540817,756.245189985054,660.2935129325605,498.9274848414586,610.8736131169978,522.7924010633741,499.7266245333039,419.0786457050197,296.2607493858108,618.7968181633718,445.78973902878727,649.6317951100084,524.2866132108871,382.14097342449884,634.5771492417823,567.043972003067,908.5478716327243,978.5568315755049,248.28717701969043,737.8107806481416,642.4958588118895,581.5102019325708,364.0854576823132,510.00370641120946,546.4371309069006,89.72816299641545,682.0571882273236,462.96667476700924,385.9707936399679,717.3511245386495,421.06072870810783,325.41598208009196,374.2799247155932,681.8456635700744,673.3889544265323,423.66774769065836,610.6717173772798,387.44412722223433,827.4612138373129,528.7452943162199,560.3172158674803,722.8303622825601,535.2650374840788,813.3368613758155,419.1918204852435,333.547678365669,966.2231882283113,615.2026397784764,516.3609093756825,531.8245133409338,491.8661539350235,533.2529019139291,725.018920312612,441.3697204589844,491.04152717572197,490.64777645925506,470.3662385469013,483.1834226844875,535.6751558013477,466.64696675100373,588.0185766043732,716.271029464304,755.8866241586431,544.5932583193047,490.48444316305165,464.7546995612864,491.1567242949493,887.3199812906671,889.0933618338629,509.18620362592156,497.01930673570325,515.604500571445,495.2142515040749,946.9306030273438,490.7951806037051,505.6071124131808,510.9769091827682,470.57882096017846,509.21387711615387,701.424151723623,473.33974236433573,530.020201354144,509.94126269305815,485.01547938713225,441.3697204589844,493.377872791246,461.0313710845418,507.8485323556563,652.2806768401082,580.9199225607408,820.7136617763447,510.81082067554814,576.8581594057391,548.547185084808,490.7407270075002,496.3031920356282,516.8366961854406,641.4285680648328
2025-W35,Moroni-Bambao,557.9579981353004,432.21135978066,457.2938655197378,643.4515422974262,792.27473861753,682.0094793674389,888.6908639602348,362.4226202166178,531.1469409926902,830.9628190598147,602.2176920196541,613.2055325865258,757.0865797378119,745.1866159356413,517.4997143427963,506.3569379870012,564.2503495002661,520.9190154825379,738.2453563256764,1008.5696005545946,463.6682300268798,784.2926550015047,712.9174057450514,643.2274945429707,426.2656902673947,530.734959646489,595.5077478992,498.254247026599,566.0601973745038,512.8610655603542,579.7356976399033,890.0043388618612,567.5982460349599,395.0630694728205,583.4890928870275,928.8454460123137,652.9039790051879,413.11264873715123,528.495862694598,640.064624949935,702.5155250440422,721.364405972698,699.7458598766387,756.1805172522518,875.0182957944882,829.0566638787078,710.8390989527301,553.404146534433,699.0041483549855,653.606646368242,515.268432164256,485.79758445143665,946.9306030273438,466.16709879199203,871.1437956292751,652.3633216378139,677.8718708737521,647.9222997750595,481.1269795895048,549.61551702806,621.9227572591038,610.8259531529807,495.85009271258366,475.0692274636148,503.6805757705794,520.8293480898647,542.0294760067784,675.8512203129444,634.2435724171556,569.6766690010159,494.63689409078285,520.5320601965717,504.5921818862119,487.594468769656,443.7652282714844,505.0940647303693,492.8921496713552,541.642159029066,461.9084001990271,495.69299524069123,453.3808913633852,553.7120617653792,540.8766123670932,504.8470002448256,471.67216848694767,879.1976179195966,543.1482255919341,571.0272621191926,533.3279000423166,651.5734071483242,718.2165634397232,510.5317036574607,576.0014065913889,486.3341382741481,558.5511869491769,510.94571310232396,443.7652282714844,869.7120617631517,702.4781750815346,498.7450337879877
2025-W36,Moroni-Bambao,693.3037866110931,273.4295465515711,489.1506060919894,655.1651196789683,808.5506376027777,744.5302992390843,944.0797994885882,407.1862113989861,740.347361787301,727.2371338854266,765.8400981103116,862.3776263991126,505.8377048241301,711.739656861517,640.5352776687205,947.4010419109293,557.4516305489465,644.9261785750325,838.9618304202495,1314.235788733617,820.0926405815557,1153.1611069009664,535.1241161312184,541.8847073613526,376.2600663837002,241.63797694660514,602.2934769592678,748.7110673344093,787.6391043381446,506.6200905231832,676.298371831132,842.5126432710354,471.6188678786356,470.7949706784838,565.4682324856036,723.5529411213914,460.28070763697605,458.8370053612464,489.2524339698388,670.861192437972,530.0507959935219,523.1236639618766,768.1311925544056,698.0545073448918,839.69919631836,560.8768048842114,470.6101937591132,548.8093985931972,920.1447457891417,541.6336783704471,946.9306030273438,476.80648886308404,488.63026295560934,684.852514811971,474.6978567065066,488.3291355364287,545.820206592372,462.25039872975566,487.3068743768891,475.5078336031038,553.95698703706,462.4130868907089,467.11583437305467,571.5583251052873,463.5539036395977,487.2948673432736,571.8069023739919,613.759741207408,460.1503208356342,685.8384623026502,573.6394585809679,480.53649144211136,611.5036557342464,574.3542956724665,511.120958001228,499.7085580693152,575.4124707633832,946.9306030273438,500.2235241480649,636.7306133438456,585.0500089890479,690.9420447365467,855.3593446658881,465.73916385658606,464.2281644973361,503.83828215309313,488.2839796165165,500.02264025055797,634.288280641481,765.9896522420845,487.0517118077071,572.6415836800651,465.81769679310395,499.0134882315391,441.9177551269531,497.7266408045918,499.3713025081498,575.5350390737829,535.9665620330047,482.6254044956305
2025-W37,Moroni-Bambao,767.6283704118406,52.50573951069191,539.3311494405033,661.9713243764677,355.4941229774816,679.8987727511696,614.4092582463061,448.4795548071387,878.7896894513444,581.9792417447261,859.6839238209758,652.6985800460156,538.3833209318854,766.372312378786,623.6648496802907,1162.8407916694887,512.3692534017467,882.2772799605689,837.9175020419194,1098.29875919854,633.1534803907099,1079.552683231395,520.1330998412966,334.3199476845184,427.47286729149556,307.4772424293009,612.5349175474338,906.6475241663265,807.5851389849839,813.2064398385537,905.8556156292325,463.9607936225714,442.5556554468048,472.3919930828945,565.7925960738457,655.9864918641596,581.4379225368867,611.2092403907338,418.35046341465835,727.9050092560617,484.40485232720977,727.6739199583349,645.7100978522769,636.7406395269286,735.0590017995817,459.4249326674595,222.13226648636515,481.93627547816527,963.6604991187149,463.4583223839184,435.2059631347656,445.7824079600622,937.5430247320543,744.4540040836167,458.7934126534986,452.927072213607,464.16230791528307,544.1552545823268,461.19257430379054,435.9775149905918,461.9455990825052,453.15211729783624,458.7718877763986,447.40866802142443,513.0757389312452,483.74395951433786,453.89800473001156,492.26644409598765,469.7304628816119,608.8406888145621,854.8832757356851,446.531755198305,707.2604789554246,556.1521585124019,546.7670521932399,461.4375910134873,461.01141210355365,435.2059631347656,946.9306030273438,496.9878243104893,461.9367100232789,490.85160678739635,435.24199549442056,447.5375300790569,499.267208332792,477.51660972533836,607.9471494073414,512.9784239460157,496.770014238215,610.7774379723837,436.22056799672345,545.1013990152513,562.4673823446298,454.1541673586891,447.8453878220373,448.12794535682906,447.88405843519206,482.3097430806191,446.77631930834855,513.5212378498833
2025-W38,Moroni-Bambao,848.1769205551032,483.66472391444324,548.9985144403012,533.6771049032305,420.737054670156,666.3281617293235,364.4521904512741,594.9515614237322,746.1749698403219,744.3470076790776,903.9479011389999,245.98240823717424,456.9438921059889,856.4776199357959,628.2337899615956,1052.8456597526365,443.1075993402111,742.7155734073552,969.0128351388313,1014.5993950726403,562.1364063648198,519.4695979831121,542.4172977549766,397.22725808862236,451.78052580865676,695.9713801693173,679.9626150863357,916.2297573817241,407.243071769911,788.5936370356937,837.5254728085856,467.35115443420864,514.6787451971617,614.8851854085974,560.5630028710113,740.1403044320475,469.22843980607786,861.3297594002494,338.19435369493453,654.3927235494677,585.7516587271601,723.1717519503071,575.1651791081916,582.1395161654266,516.3279310141054,451.9172679057772,480.4811666562631,445.95634258271866,697.6311252687294,567.5371842035012,442.72763530850375,435.3526496689341,458.2758026777183,450.1518710731926,946.9306030273438,457.2037741972184,454.3006473301744,450.8263069421594,462.2510687635136,510.9138676846128,623.0555582720581,461.529643703621,519.0999936567395,489.3620582697937,672.0433055257374,498.9554571813332,457.037296554284,544.3298488594578,637.1317907181169,487.01787906115936,946.9306030273438,709.4006969238103,450.8516968304947,624.3839862681855,508.8154925826537,496.75670004787446,493.8401742170856,681.1781179796146,513.0663308195433,497.16117218531707,437.05812886647897,481.20769235216466,734.2730827030094,553.0375741106875,437.2206847028217,714.6444947619397,645.8530899378231,497.7927683925262,435.2059631347656,498.6115966991421,437.5028633223238,458.3474327257992,520.1819779497695,737.0443216136146,461.00233065406326,688.9702110152248,740.1434570493036,435.2059631347656,455.4107039948171,551.0347422549163
2025-W39,Moroni-Bambao,891.4758950840289,825.3020206268079,571.4687906564344,597.0534600617563,387.21575952627285,665.4119510603748,161.13654702202393,743.9748540462066,771.778994569652,887.1925166241879,785.297341072108,458.0397192103353,391.5386251014147,710.2773508985798,385.774552800943,618.3608902950637,469.8025024382115,460.46967348885255,1052.533179382561,806.4941589881341,619.8151235196245,564.8582702564945,635.777592494126,423.1408563975122,422.3139768512853,688.175747157248,544.4574955173483,540.8890528981952,644.1071796592771,755.5938291602307,476.29806301103054,535.6585239955366,603.5698419955478,639.0702292264036,667.6709010188688,717.2089303396465,571.3438440987354,1040.0235428594751,507.164747233582,850.7073293246762,1078.0097560162333,754.5405279223526,669.9525517519111,659.3511696430648,370.5652905458944,394.9400238918189,597.7961133560042,585.2850598592261,529.8198774873617,497.48318043795837,597.9586967607781,521.732045071671,541.1887128189087,539.1227206521762,584.6316183649403,566.1227376524345,456.47585972608954,468.18817963088117,463.4956552252115,755.0291953069269,739.6214090028678,616.1105746052923,460.1451080801481,535.5611395912686,472.7492846693553,521.5457051187929,503.1416659762935,635.3184283665489,465.9180935596372,540.7254229174252,946.9306030273438,545.9341701350498,456.0977828318695,734.9893748566611,540.5896401719353,522.5424214599406,541.4791649528893,703.1310797705671,523.3216635199863,524.5002197715422,522.4922243048064,455.71943515560577,614.91611453605,462.17386098370986,521.7585224332586,521.6632557211991,506.27992007835195,521.8561249676316,539.4787208671182,513.9304859174948,470.5344314034848,690.4036343532025,926.9786838182984,522.5719511461481,517.8094600005949,446.597880153789,441.21126960639657,521.7377649546753,753.2082810967814,576.824028171305
2025-W40,Moroni-Bambao,691.6504076263168,828.6784407121983,818.9536093766442,510.42009274436225,516.1565384851756,689.6620978240734,341.9161539915053,660.0831264944422,444.3611622119131,847.2653050720967,575.779337962333,442.78874622529963,516.1531982944232,489.3780570290932,559.7659928496282,617.4713901433851,352.9871038365913,465.5945130768888,921.8280743794969,568.8533085432484,572.8998718791407,800.7302270188213,675.6475824100224,433.3213655814425,681.8413855664662,955.5487136388265,770.9918102732227,952.8367980417268,875.3074051009722,834.5680720726198,628.1988457362909,601.777384925055,879.2025938676663,784.7708152516009,674.8113051571805,621.5832969930204,269.8140420745253,860.5241733497548,699.5820621855081,639.9078253811552,1094.2922157914202,728.8724354679441,809.5721519032573,386.2631375524677,490.7342595697719,688.232834921566,703.0208196640831,822.6128043784139,575.9120014317242,550.5538126011048,562.3442388609748,914.6390786324877,566.7448018586568,547.0970661532538,566.6884649213742,543.2460488897814,709.9300448735465,562.7881385009376,591.2308605835397,564.1321501462636,730.4253258806234,588.3648920305791,570.0527139749983,530.9329850822612,730.6050715968821,574.0378426335205,547.91247506526,698.7552572177694,488.56702529130354,553.3711075668004,573.7264359264627,561.4773229510779,568.9908728090593,545.8654486650333,530.6235967900776,456.6917051408818,534.5170111570973,844.516995781441,574.502648603571,570.1180080289403,563.7715035846115,593.3493436559488,532.3022604015123,547.0316302844216,590.8508611331629,569.2056917278229,620.5588580130677,725.9409477254626,639.2707787817259,538.0844757755049,520.3865841484153,536.0791995549251,626.6941251352038,742.1658070678387,753.4387004022684,549.2118431365583,653.7603573185881,573.684731739887,638.774884655022,574.0630123297138
2025-W41,Moroni-Bambao,343.02113526452285,774.9719064259523,853.5984216399452,626.5208384542136,474.12951959563867,456.4349893981343,543.0435700713177,497.7886984175563,490.11413806251676,446.237658792046,591.8646819778701,645.7906009379999,625.4802184211948,272.96092425572056,559.1623534252162,635.4650530693965,409.1712882447352,665.3867743880446,689.1852397713103,435.8417444444247,361.4223818636449,449.16906383552447,451.66273089053664,446.3998893666819,588.4464402227194,711.8940111749313,873.8956806631113,746.1657770572979,887.1884894695896,590.3640804835819,383.58563547858927,535.5141181079139,920.9620963406331,754.3554639911641,666.6913391698552,471.22454841072494,417.89746584463205,728.064907937349,683.2868787911116,347.9410730642446,863.2578836054147,688.4060055190457,553.9030599463082,617.4528910345348,694.813367783203,1023.7278986948188,693.0200324588152,722.8296863287541,560.1902212604729,638.9093820585933,576.8370800679847,518.9152368400336,857.7539244332015,624.0278481032179,620.8574116895475,621.046746769719,621.787766849838,796.4550567685155,504.3233929641323,552.5590487266663,654.0503637072718,632.8342681031612,561.7743286105903,453.9315679640824,584.2611515647084,592.7368499967747,437.0534362792969,583.5333070251746,647.629835786665,681.3706375087643,711.6959616090915,622.2835132423178,620.5265354986567,946.9306030273438,652.5295480714193,632.2557877943842,591.3373863292987,620.5300183142652,632.2045591813546,632.4068182351808,437.0534362792969,868.6920193836149,634.3626500787024,636.0087632444026,583.2473887695498,651.8419678034769,647.4730647239566,531.1551808739343,636.8489334816554,642.4600188991749,667.6989033319676,582.9143962216322,696.7305464033391,625.9125050446951,532.2039314371375,539.4880389403484,582.4014889878105,607.1288238219049,631.584991770312,649.2775656947499
2025-W42,Moroni-Bambao,436.0547801739035,791.0664807991488,746.1839615961893,583.9785530834271,594.5312574220492,425.7495722847281,378.9283996549458,528.1999411627639,617.7752955994748,459.62815799038117,396.6743922613987,572.2152884044843,589.811556423765,464.8119182170384,847.0930106307965,631.0937924128563,570.2494978793106,636.7652021891233,886.2395326841361,758.3196817709604,562.3643068309514,280.57267352657516,721.3391258941757,434.9816259303031,614.1341841351397,737.733151273664,900.8516737944652,604.7294837980858,874.6857754997856,378.08459758119864,538.4270290452716,564.3804713157513,835.1941499066961,721.8778268817688,549.9213928396341,491.447746594978,487.45005864672817,829.269962884502,623.9384659465462,612.2371837554001,764.1216631918744,655.4666195716877,416.08093330560285,573.0844652319641,477.72236089852504,1024.5526927839198,667.0254684082557,895.2828370849919,424.38974943738606,822.1095615749783,595.9346842080483,946.9306030273438,586.8891712428309,645.7809701635008,734.4504850334635,683.3695981042869,653.9978540922136,662.4405789287084,571.7830575285747,443.7652282714844,627.6420686124012,531.6593040253789,622.8194263575352,615.466328986787,728.3330899999899,708.2544413963799,677.8714067720371,662.3140005372098,584.4208370946349,484.4848480504592,655.3730343079972,652.7069435564986,622.877197066296,629.3875243480543,631.1608123162129,617.9659306766424,622.4613012289407,627.1499508194887,646.0825075517447,845.4940249717046,637.3172593256859,663.7213957482221,674.1496180591472,551.7934863893922,655.1980744221559,630.4026396764186,643.0344467317003,467.14531807933236,723.4119646728618,829.4432952701335,443.7652282714844,609.9100793608502,593.0756565992848,666.707817802143,645.678007372304,592.1279125717958,676.1681062373392,622.7982533745319,628.1132742709816,623.6229722639921
2025-W43,Moroni-Bambao,703.1848352446615,752.3711219483512,781.061835978961,603.4997057595846,306.558523041302,484.7746143939331,520.5357016700862,764.0309271477302,569.4140442751977,642.8645810211045,467.9965855924362,593.6371043827389,809.9223995266002,531.8943744046177,731.2464152618849,998.2761796398261,514.6246909214459,546.7040470027539,512.5914165813977,654.6999497516956,621.4720953254839,554.5892530921781,399.5843022105836,571.3168296440002,409.2722139148883,728.514812447625,683.1241709680367,651.6180049776726,612.2079316603244,315.9544318059728,654.5753972637737,563.0276340187596,757.3836621672856,405.39429226520195,319.24073365247614,622.8804058428892,357.7542337619342,447.7021328386396,791.6781750880123,904.9647453581697,537.855168133576,659.1140479522868,647.4009624694395,541.9402941086084,723.9362594823888,661.0256441535508,653.2020185687262,400.9850145208612,630.8071366622464,804.2999419401972,660.7578252583498,657.3067699678692,634.8314329539128,650.4729343901797,724.5855810877953,660.651845805042,737.3501833911943,661.9686873578701,679.2081106321925,635.2832472703241,682.486045784833,634.5874902124433,443.7652282714844,595.9917688263107,443.7652282714844,820.3111757333055,946.9306030273438,678.6616031731736,552.3978295052386,709.6921407913864,677.1305196489503,643.7696350673309,660.6483130285345,669.1366134194946,443.7652282714844,660.6440878564773,675.8875805632364,608.3901818944145,652.3649400760183,660.8217470502307,676.336080618167,899.132056927728,692.0945625154942,667.6866914954892,665.3072551417142,666.5786605375266,661.4493795015793,504.1637745798756,671.0630643369004,673.6155183844965,660.7068030225773,697.3474112236481,669.6896396298265,647.6925969008709,443.7652282714844,503.8100723711057,647.0017742508596,654.2834161405963,598.5018719743975,609.1027889349277
2025-W44,Moroni-Bambao,827.1308067609282,484.77026586309825,606.2115144287666,526.4482764658196,273.6296769282229,349.4957102712484,308.9350967045342,665.3917632083584,512.3035708922102,758.2007472427698,548.1473189989629,587.176936657406,980.9589074693565,535.9443797659387,797.9928518412742,786.3091038902027,696.574736621586,479.5037511269095,490.6508078330403,469.6235731521588,583.6147873557161,715.5645536979323,591.6788757561728,777.478282900925,322.9347661534521,812.8359525539825,623.980010281726,686.7729553453878,690.5406389526581,555.7849294830891,1075.5752711821206,806.0858377566257,782.9865922369435,415.2032913755812,130.16728516226487,510.78747191163865,454.9289326603365,630.5887644126584,780.8354119364903,744.9268045965722,364.45699468547934,655.9234768451724,802.4700379575575,394.25294426304464,732.9405018601957,797.5508122417973,635.6461661825708,378.25922108811847,668.8811456674906,899.2320810960885,610.7191640732977,714.6401522802894,713.3978372967654,648.9778536047525,588.7035181231112,543.1268212702037,526.8493180394001,649.9981172184956,479.933350209097,644.4726205412592,895.4920801008697,657.1502103670956,717.8196318936585,560.210731965179,632.4647700097576,837.4390049299449,649.052830992898,688.1621613248622,947.6571044921875,660.0502945259758,641.3669131462841,659.0060375835233,496.01945347786665,544.4869119862582,443.5995178222656,720.5291419268957,700.1172801089664,640.0656092902673,605.6058181390579,703.3215269577906,764.712744821673,640.268959915103,643.146869134297,720.3629237674094,720.5306117673498,754.4674430159533,638.7652026799304,551.8785403042227,654.65348087452,639.4211544378425,720.5290868626878,464.1784832599152,675.815179618875,739.8229273637064,947.6571044921875,689.6279819330365,850.5183119813911,520.1147667106407,646.8746266430327,443.5995178222656
2025-W45,Moroni-Bambao,783.7416194809703,669.2644797107237,531.7669604174796,497.05553653589175,658.3567261003597,557.4582049599115,632.8445286498988,678.2408958870627,313.89459779780026,901.3472967693914,710.162319189179,864.2998587975102,742.1601134171023,683.1858374932126,700.7007183467299,654.7662481560009,699.8437464492685,561.9789498847415,453.5562131264255,431.04792938350863,431.8138394315809,661.6669066749591,607.5413568252238,669.2213137970264,198.18510176749066,753.1419948574475,846.9801999617505,678.1079153327037,945.5983584857853,705.8440608897154,819.1939325209541,744.0958826157537,628.9708782204722,734.5876420299903,224.43300619254808,411.5797923142649,441.96670716206637,514.0791937602049,771.3570568919133,711.8586603698727,336.65058154205093,496.8104453348461,850.6852526183244,475.0501702573529,763.7327810579211,638.9480888894211,677.4764862563802,688.6031698968567,409.8583136175493,635.4905396893471,975.4722900390625,912.4448850392503,449.24123035703985,443.7652282714844,665.9960951683269,641.5421631204152,900.0675531741216,588.7295130130298,878.6243442747948,722.2404629723334,669.100970642616,584.0272903743714,975.4722900390625,790.7699320834051,675.7525754362039,667.2348135156108,912.9348142664618,886.4835154375454,882.9428941692074,789.319514319317,910.0592080917127,646.8639527343382,815.1468672819568,672.1147106772324,776.1758296795327,975.4722900390625,975.4722900390625,691.7193333211593,751.324609077848,911.5627584239052,975.4722900390625,876.0921235315719,515.2924038323563,653.0387130919021,911.4388086151797,867.8047820063513,843.9711467743012,802.9315145840092,672.9839741314086,672.0177535583155,882.4690512826056,646.237415731814,807.45114355148,831.4643371903038,898.8135129239914,652.2542450485795,843.6574300487936,550.9316219705644,578.4432210617649,673.1505108961933
2025-W46,Moroni-Bambao,705.2479612691233,662.4176117584515,476.16381993608985,685.3507547944716,927.4131746954973,769.0199796468812,653.9640552734105,557.3398464128309,309.4220451173206,881.3705276442281,814.2190100420329,648.6194771812271,524.9385184715798,855.3841613846682,406.7309653554456,779.0871039518398,671.6766381914995,396.6318442351361,583.4504746493823,432.08564366352454,445.4666689788057,425.6546740536918,710.128944169278,488.48974309172246,447.6822537738898,650.5383631093623,844.5145595533132,625.2966456847203,832.3397531445069,514.0984316550713,1096.542169561908,603.6786103015161,649.5073896904054,843.6779887569687,369.6754624183951,526.0573733917644,658.4606576100103,666.9366965978202,631.1796172549555,608.4170765916385,254.33685861662178,567.5939828455354,786.6113968487234,378.06407520493644,560.1054112436057,541.4986473502445,630.3510024686408,830.6652306711454,327.9786769717017,637.4016863058671,508.9687791783259,898.1344069108724,804.5714825078229,495.36090120766227,771.5076750124932,680.1064788128033,769.545978050568,788.1992869436907,692.9053254219308,560.9385837340395,443.5995178222656,679.1737409070929,901.793453510003,691.547412753726,626.6662502594836,456.4070592322011,829.6544835906678,617.2647024690317,769.5819507547812,768.4980045482664,608.5742940617506,527.4635987568621,630.6210283060793,615.1921514131255,769.5241671570509,771.1749660700434,601.8793604466013,680.8210801643518,477.35567772238323,598.4834737149464,770.2816556359633,770.7312805553948,770.4515356697339,568.870472200223,684.8127363864655,653.0913974474015,963.2650756835938,756.9565047702002,868.4240190673881,569.9471019776402,667.2130572275927,770.395884559822,625.6260054923258,747.7517844558232,680.2108804394071,963.2650756835938,581.7471358820186,868.705078159903,640.577451900932,673.487306121624
2025-W47,Moroni-Bambao,766.3194457909124,811.054327119195,305.59024525073494,789.783135723381,1010.5965652334783,1036.1666433266878,641.363933188952,603.0615487918185,527.0661090375611,922.4621232433549,891.1491379231833,607.9760377438187,626.9028610070945,786.6087661635074,361.95648492264684,481.44198508160844,694.5636319024226,701.6628777227279,689.7396534077826,492.9496551715622,723.9225221804406,495.55112322061416,552.3731091238551,657.3678165979702,696.392392487897,606.4391745862104,931.5151211248744,653.1909717485851,690.2959168658532,540.8471547275109,665.243622369906,416.831661119485,676.4584110037165,810.1754126730875,581.4671577352209,677.7324501193525,509.2333333957453,674.024234927432,601.177546457286,463.3453775927134,246.8230451413363,404.9705867839458,776.7881886490982,601.4902385425979,737.7111811958926,704.9383933174105,393.48224112064366,736.8852568376503,461.21968037718204,496.6205462372485,716.5940324334211,652.4345674672307,1004.2712150447718,977.4536505485054,1012.3748837850309,1014.2106323242188,858.8516526492252,701.3507675640308,971.1510468902443,443.5995178222656,963.6106918760205,709.6720588295208,861.7075840632773,685.0312087434132,680.6123307346693,455.5342905454285,699.0332979182112,696.3014490493395,640.4939714431092,647.6278080118017,801.7241399610717,654.9098328205821,961.6934321208917,552.4572197503478,792.6383189041568,585.509267208732,716.5136665424822,744.1032187615855,847.3328705508911,699.3353190032201,712.3389582478486,598.5345510354554,702.6115001916944,684.2035841191953,855.7877362901962,699.9498072524982,941.7282722190316,699.2162848913263,643.9703355469926,652.4395207321927,479.64150732628127,719.6857137120049,961.9838629541913,939.5620166914847,700.1963529161973,612.9014659215102,974.1369722457315,500.06680819270275,694.4821481652152,973.720270199209
2025-W48,Moroni-Bambao,931.168797411259,737.800030636512,765.0955066124759,730.0611843644231,798.6912827301536,966.93466899679,746.1466651870967,657.2400128356237,345.6496598076722,769.4771142646795,599.003954988573,712.5738806467776,747.7021308864025,990.645181500191,350.0199267077596,521.6199083184226,631.1543362159582,675.4625908874821,984.8890104080714,682.3398922491779,657.4350622476456,271.88277269346406,494.35230954417796,899.6009807500884,850.2917804222569,367.1225164738446,1047.1306295265013,305.294376258174,588.108220456207,786.0304990975666,801.5835040377868,259.9880067073042,682.7165124858382,594.1102859167113,570.0775996173955,787.4323355982763,481.48587567118017,630.2161452912914,394.8979581289276,499.30803171269076,214.73291210236704,431.2558739767038,416.1239910679613,896.4277195620276,858.6886227173559,468.57475971367023,542.0232684114463,687.4129496336316,656.4002541609434,381.413682689618,693.6506679827368,569.7078527316434,648.4450393998892,773.3520930586794,592.75653405523,796.7754054689418,697.9175424716742,678.1193510026316,647.0747534830455,879.078846421638,694.1063615436584,868.7782494945255,698.0014840971205,544.4636291682659,698.0072549233552,704.3811239975943,698.6707555530928,878.7596903593806,915.0343725273037,871.272829301146,764.7271708563471,709.0806521131307,792.765279877449,654.8495920521132,877.6429097426868,880.5336259486163,648.8160868400247,910.9250964258001,879.8838975270365,697.3941595996351,914.087436078028,571.8749678441176,447.71176769120495,683.9367694695648,743.3190606774522,684.8107995451755,933.2731678524447,647.3051605668551,652.9128113931704,788.9614563318133,442.2881164550781,852.8838408317075,691.1725469203491,961.36083984375,804.2878598223142,491.71101901585945,545.3080953526111,540.356794845415,942.275040591752,802.9092465870298
2025-W49,Moroni-Bambao,640.1231551513114,570.4303142134514,672.0144367760448,706.2416621888883,775.5193183593972,590.1112037459454,661.539727190322,817.2310764423236,549.9461588633982,585.6754464110052,479.8004335053672,671.9906679645529,651.3097069680312,957.0756713449421,599.2910589540747,310.44848546886277,655.1084394193465,819.0883951678916,828.5722243982441,814.1320668385466,733.3566779526791,434.8680657157057,444.4670712517734,720.6121277861808,564.4965776286608,478.54971617417897,712.059306294954,602.5247848330896,573.00070626095,735.6307503261609,676.7940554596588,450.80503996476955,818.5388811968328,687.9732348356179,693.4194984792188,749.4910208781142,720.8298447226483,648.3502277248176,349.8236982069215,667.9070890124153,687.978670627046,594.8191253919236,337.06163390071333,775.126983176328,716.2106010130304,500.68242301239144,895.8774859710745,644.6769460044985,638.3643322432987,293.6732569237347,603.6756713302166,577.7620974795527,821.772453517598,577.8188015701971,787.4326257529352,795.1629349572448,590.9810167649447,643.2576898488794,578.9659706362647,602.1601218595947,929.5245350914148,784.5758924147533,818.673538483246,671.154559370742,583.0734149714481,788.7132670200924,639.8182963356726,574.7203339808749,602.8098463199491,771.856456375186,793.3503620396469,584.1433809209635,821.9584774864062,602.3080863436301,589.5884586971067,577.4787648285185,807.8088100769334,596.2636621313239,626.1053119273327,578.9422710286022,783.0319424122022,797.6281103702531,593.1822338342629,874.4697210492693,453.60587819498807,555.3685329215475,708.1477919559914,786.3437067951401,586.0530174812977,677.3225598802462,592.1898019678255,677.3308693607133,777.1682336814185,950.5901742354708,607.1581083195566,774.7566844936081,688.2964891938585,592.1505861643842,586.6623713001832,956.6074829101562
2025-W50,Moroni-Bambao,636.3328750594334,493.5946939918789,814.3034088858145,707.9670591287244,438.9834867951653,695.2745589595038,586.18092850256,949.8972462476149,672.8957780386811,507.87301239934095,299.1636948359488,573.4115064009096,440.1884457710204,691.1481091633609,747.5040374636653,340.19206904019944,411.3695313961242,763.0305078056552,855.1358283579166,726.838674086153,732.8094372642827,566.8194535255059,438.45711030032305,733.9649653827092,418.9274483571917,545.027090177926,629.857133255033,531.3867494628876,500.9935409975109,807.3309731003437,640.0188118241081,742.6451868589618,971.5645813552975,554.4934770371302,625.6199798751796,586.9995138133019,698.9139700160919,488.8048482566434,542.9224932114093,624.6625143252313,748.2823343295734,629.5475741103031,500.56157320072225,624.7895577930641,687.0244460681249,459.1392175496983,762.6297517024573,758.7143028550662,466.74219009080184,289.0987445475786,568.5656017335283,881.3862447923248,549.7323241061786,893.1684360425868,565.687587239073,960.4437767307636,786.3694524853572,530.3487982845719,790.0831263779155,742.8917705235907,581.3236170958527,574.8068268319878,827.6529807127066,860.312346052427,581.2318896469325,923.681560233718,575.95703012679,516.5303459223385,738.2067782832166,540.5638561750814,577.14754103341,625.0852932287784,578.620412717888,569.6751730621289,801.4089839198291,649.2423134622202,915.2222612375003,714.952017966476,616.739003589163,574.8625856787214,882.8850571455114,567.2056988009955,572.8236346507537,916.1516054531326,860.26492910818,754.4425027728516,467.1302430792099,544.945667300924,622.9387987424069,861.7101791656738,609.4742193796717,442.2881164550781,565.4888824458291,724.3485538846023,790.6203012601331,457.3290092792839,475.0023676348791,574.8683467776385,525.8345650329802,639.3265969498714
2025-W51,Moroni-Bambao,746.015171135819,627.2971217397844,712.4321058795565,523.4822848962403,484.16706765119176,646.5705517098526,514.471761607504,715.1210748311814,683.0199952079244,319.85855760846795,651.1518866161236,597.1622370130325,315.4367608910877,441.60009846177263,661.6526963689907,436.60671562500505,303.0484034244523,833.8912687067134,820.3870375032727,556.0274559557879,690.2837989382991,694.9130035344882,403.9171757472948,772.9371195161289,700.6287580141161,656.3757919127165,827.8625381786849,656.6775090470697,612.9406961738422,922.4579222488306,538.5331295574201,701.0881242993265,901.9983027619235,339.3371903003591,400.4038517571201,705.9022563410026,433.88838275876515,396.32700146222254,872.5001612815045,880.0663147155768,495.23645547372246,879.5877534183371,411.36629439125204,782.44224453224,613.9571859341539,284.7285960800249,920.3221022007078,746.4033752402961,206.8562811392581,638.0062242424372,543.6122900358366,648.4392328529381,693.9266476519535,927.253860808786,827.5930489459527,562.6672129639148,450.1256581684412,572.8944997973655,672.474008829773,504.14310717819893,579.0269526173895,564.3617251586741,550.6498634883728,671.7604619717408,651.7952819980119,600.7173430665206,759.4641813820866,542.5760013872721,543.9762553664118,582.0447504652079,650.721506303204,611.4626595509544,519.9866933955136,872.7490746810129,565.5403862538119,578.9272600788856,641.1154539472055,812.9820443872245,653.411481307744,856.2898351461638,545.3616004529508,639.6798976620253,716.9568895473553,590.0055116179373,579.358480451527,947.4627685546875,543.8231685658178,583.4997304681523,751.7251905769153,755.4646261160806,947.4627685546875,752.7130754371791,488.423627205997,766.8432159379649,584.4428806262995,649.4518492996198,582.6179665071862,701.4805029857208,607.0490069939714,737.2289558566674
2025-W52,Moroni-Bambao,675.3759227374094,568.381492931004,583.7966221267421,586.9308144343653,404.6975278378104,708.9688496081477,588.9702452856502,542.0250889235423,500.73556359856525,539.4193058714496,969.6574061867509,403.6177843090426,658.0803024296828,619.7446164587348,634.478032049176,361.51768893382956,511.4620425784806,477.6707656057728,804.4227042320796,466.64158717108876,626.2338564270125,784.7354331333643,260.01288330445357,622.9430867058383,488.2570821761276,793.742956028577,716.3153936630695,672.6895208478971,619.9793381766627,850.5025898365082,348.41996773368624,593.661614152652,873.7684031907775,333.3516095460594,634.3851980058282,483.1723106100323,410.3556659275489,366.22283274658594,698.7257043095263,903.3224919576103,225.97791429796757,1003.3419920765509,498.98799271906614,796.0500321017148,725.715454835579,332.45964516424965,574.4224717511482,382.55216009482655,609.5066793950866,351.52893145938265,538.7447881935899,538.4981435921577,575.5796247285316,435.9158630371094,726.8329092027184,540.4199073015463,652.725145456846,507.51532294832833,536.3573408027098,715.7665687490241,540.9822839482486,539.3327603212393,539.6052520542588,539.3354944603753,715.7655416779024,535.8698806418926,546.5030838861834,725.8784889148353,608.8346131007742,684.131918705449,539.7633922145255,812.4824125304091,562.2143488655789,540.2645688622654,801.1553605957646,719.8183908398861,708.2891853333422,794.3169504375669,494.3710172443534,763.1460039008634,723.9522894484803,546.3869610149048,539.8024200370992,524.1084126191862,831.195880627864,531.5494689673872,539.8245505282888,726.4973930071012,728.8110332606868,534.7272182016463,740.4895791781037,603.6478272480575,774.5279841715205,515.8442968905891,466.9905932318207,717.5321058665851,532.9536126088701,626.1218981330167,435.9158630371094,734.2260221978554
2025-W27,Oichili-Dimani,34.5631322391722,25.98184102437881,35.630121301813496,10.462299186611926,19.582423443715783,79.2780657944242,45.84375179716178,53.18318658212746,62.875261396474045,64.6808256448201,48.174562164802126,32.47285307415756,1.4563656833011578,39.57605335654135,9.454243475986665,58.9685854299987,39.490491764774426,19.20557533269388,55.55163530706402,39.32980379036355,16.61578633932614,67.339238430372,54.88885519484598,40.43350167413423,41.897045553262714,0.0,36.55104125350654,57.037873727505215,32.51768890988769,28.950838922585838,0.0,0.0,22.229230508760775,51.28418842969745,26.40091258683705,31.654941480607228,44.19269612797506,52.18600259552059,64.31370918630194,18.950691307376644,8.665820002333998,25.240456227683378,22.06038331180698,38.61605767644937,48.782322090874615,54.130316740649235,11.382036246120418,19.171908822212284,18.45947155632205,34.61390954085876,59.19846608252651,53.518893183975024,78.4103832296745,59.40124002982239,33.97024539267297,31.164439632148905,59.008151292373356,60.757188123237874,89.25312838497132,50.015684408945305,24.261065230294697,68.37951360937554,70.01705058846048,42.01709638290715,55.56398043952454,36.276421477074024,67.76024037604007,19.626236885651736,56.15759646247094,14.184488206567488,28.003844312961185,22.524595859705197,35.254898603035265,24.95058067300732,73.70855986421876,36.276259504936455,59.096132703047324,25.42732968391629,7.277434071442511,50.415003707429555,44.14829534559213,36.27505200172641,51.0022507335671,53.65405817379792,37.041572165546285,84.08136279925603,46.21638874481649,42.55757856882718,29.181903052145078,7.048752784729004,25.041227301961463,49.77641571708018,45.04232996455159,27.49563356801401,40.06334575385257,24.07141274534014,25.27762530374006,70.21665996271147,31.998617908104254,25.08338883000509
2025-W28,Oichili-Dimani,6.467739071723198,44.287958637458445,9.498505837479296,0.0,14.64282682326494,44.46207126330637,28.984863474728947,48.89225329384034,51.71788604210016,50.079217650784265,44.867106460924596,21.96589901568467,28.32004677514269,30.343437638343403,13.742644152999397,85.72775591706649,25.057534341850957,13.105701457863155,8.87225480750816,7.438834992352064,5.841374891575477,51.261717905562115,37.79123009025195,60.722708588414676,45.087307885769675,13.548801827414135,27.060071108837988,47.29661686105637,0.0,50.113101609566726,24.021809513327533,0.0,33.53963383307231,70.43823488415265,37.008786484633134,36.43601806123862,38.40785458486451,2.8802588310955315,15.922833301874899,15.24165527600993,24.643416157230114,41.92452285677965,16.26698789095866,64.5242196530631,77.65582014246989,41.97604938359175,12.465721064040977,18.245274753444953,19.732951321928045,23.68013649949644,35.118348836340175,34.364577935584656,37.591430595073604,70.87005696906127,36.08287129767919,36.08130528052659,32.38889218719647,35.7413196946715,29.531828575058768,7.031613826751709,44.06332801904594,34.6010748954526,35.152917381143425,19.177503495263586,43.4655457016442,24.993268048392263,34.46522962104351,43.52020743815754,34.904847106002926,47.68349207217003,25.461165375430515,37.43713427981356,81.89472198486328,35.42291036204593,37.17657445466854,34.3910603786152,38.319261382262496,45.90708602077613,37.30570733948938,48.46167098552453,36.07468678479649,36.006493221740456,29.46365567392536,37.376636897719344,44.49199588621027,36.56335614723313,26.101447187961604,35.30619883951105,38.53262155722797,51.40063915784819,24.949205285491647,23.50915853623309,34.475132092460704,23.346841220697023,81.89472198486328,34.545980799798755,35.20987620183348,25.856198949628368,34.812052235964074,81.89472198486328
2025-W29,Oichili-Dimani,29.23536587868978,0.0,35.30801325656009,53.77055138089139,9.495957010386014,49.40245989258599,48.10174029254306,51.81188883316633,42.52558689196925,0.0,59.17804302366364,39.81818047270785,26.646059100591756,24.914638928096164,0.0,51.49602992620541,25.82229162705677,0.0,28.73671845024437,2.685143834175065,18.112307775039884,15.939911007609297,19.616684850772245,3.7768608972370146,32.16109069718357,13.901136436338366,18.216318075224784,44.528652724004225,18.985337332905146,33.5526834839917,0.0,16.314942494966928,14.409211282705161,83.7660807386739,25.54386714909062,13.933564279856533,33.868020090042116,19.836801812001312,6.467230657706303,32.64417089477489,51.4793882568273,49.933978682824375,10.337883163547612,27.21323158310487,52.36820391352887,48.47015943117845,23.86299587635959,4.929643352339184,45.23325753364464,57.46929236866092,40.939261756960924,7.048752784729004,33.61333775813929,81.85587310791016,81.85587310791016,32.73090882543615,41.930283654851905,19.132071257276415,41.88542892507346,25.67271573415274,44.06081948329182,55.8862116104602,30.5660568328053,40.74698767440974,22.765848523932974,37.81679906631864,17.42458891852199,34.1262637831532,81.85587310791016,12.15045483625947,44.63976615254945,19.210754344801323,41.614905312676385,40.381616882341504,52.55171253985038,32.230695876392474,31.198677853379383,43.33754854537643,42.977090092053864,42.54385418586941,7.3420819933079295,33.914998018323864,44.16852112627475,41.91337250823637,41.91494177529798,36.69080509694336,33.918690897760314,61.00309481869816,43.01032522786038,25.785703258126677,54.51676937360542,41.89166950291322,37.71984315448365,38.92896069294049,42.97194823130399,38.712972271754936,41.88730243047627,42.728619439270645,32.07005806239328,59.30716708413299
2025-W30,Oichili-Dimani,24.49774963090681,1.472489993941707,38.641531463886416,36.655317404653346,62.785282346142566,4.596125088295736,62.821136552386484,44.18434307461212,60.613280289851026,6.205455918500547,42.71087868094598,52.069902940710605,44.05119527203138,38.47800725872187,0.0,36.40722039811842,18.786171891178228,3.732807456157623,29.66579334636435,16.748798228677032,25.600720604355182,51.86082964494129,27.64058823690086,0.04194022445533108,0.0,1.42544308830049,0.0,62.45135757063384,44.10606214442668,28.131433013178327,13.739410043300786,0.0,49.28101877577591,81.84676334231236,40.32616433271882,0.0,64.19785053967307,23.784581525294946,48.74450116997828,27.324822943862586,44.83146732345992,35.20301737877841,17.965475249771785,27.548967803131767,31.11293634184859,50.470112958279664,52.91091372864308,42.19267611457766,65.35743847831512,13.2289170371524,38.02704153196048,42.23005014286316,46.10132943143263,45.135805668373095,42.37348636522463,45.49649170791401,51.3762178497001,47.12452377358276,47.97209046244821,33.98770342679486,42.23153351127156,44.05834155568236,12.043116218206189,46.4951197454681,36.43568552207011,35.1106198739753,34.01468669357276,35.149512835034464,36.67888740444505,45.127580049319555,45.08342678694248,33.90535338675423,31.92658314547144,48.09564016225225,22.068780909007522,42.93818837733955,43.09710147854716,44.872690304689435,50.88112925438784,45.21315140183051,80.82631325897725,50.382110479173406,32.41935794684117,33.46168598802388,37.01564587798531,40.784651705120936,44.02531410162391,33.196902159773316,32.86999785107267,40.25939342359386,45.76669285628068,45.97365583085672,81.85587310791016,31.689033758743356,40.854416837101624,74.07709173386301,45.997859407941576,45.10152321955046,43.490272428282424,19.182483340433883
2025-W31,Oichili-Dimani,21.152639519104337,55.87180528995502,66.90275884353439,81.28325148546894,36.253589053590666,48.05099214253528,16.913667155408874,53.4302243412679,92.11335507781227,4.03445927570813,18.01631892247399,45.12324130139713,42.98733825326882,17.761026240682572,0.0,0.16856242213609107,77.91276867589667,0.0,36.706182222600546,25.275516788609703,0.0,57.114611941584485,47.325763445506354,8.02497658337754,26.913799339809177,28.626578442413688,0.0,49.63869146606696,27.301495856579862,50.65064390526255,0.0,6.064270656197937,22.983635935063543,89.10234014586206,31.30353086944695,11.516286968624819,41.53985440364816,36.538146985279525,53.44632539866635,44.69110131302461,46.891847136019756,33.37832158731442,44.251421230506566,37.777582454138255,8.157426757033353,44.145950848679114,65.91889799515536,69.92414169371162,31.627455154672877,5.4876545111774355,51.37061094177657,44.34880921292166,43.90778115196493,43.01201523958833,38.12021138473755,34.53421842263682,47.52338537554827,42.33745068433027,9.124912105858764,38.38888486562991,52.42891797317755,37.56851965715161,38.917922119487926,44.330470040817936,48.04357853478753,44.803964734717376,48.85670555518702,25.192934171164737,52.31887393304954,51.75177583093326,42.553369138707865,44.33974733398793,33.4836594021385,39.46036924632819,32.84767026024666,7.048752784729004,81.85587310791016,34.592796605176275,44.17020463663978,35.59417379583896,37.50059226719829,38.339008631235075,36.689100737192035,44.49008061207716,71.46705598772407,39.276561007720844,80.61983129000102,44.79968716189429,44.22402185099629,34.30469535675293,15.855637135016012,48.890128165064795,43.97224201249153,38.9621075466024,48.19432007212727,35.91092409420179,47.77911240010489,36.46382216269926,52.21705265042313,34.77529564379116
2025-W32,Oichili-Dimani,33.76709808312713,21.34329116339542,44.415937527508206,59.16202138360957,27.242646340287376,55.917665862607365,17.24384928649676,32.69016389586086,54.80607461788145,6.309037702018639,46.75767963619189,13.031804427370133,71.39608759915674,61.822384452797465,0.0,33.80627720456715,19.475818670670268,32.23699575554185,28.746156810339805,3.354353006380247,34.6115852126282,26.42940141220022,1.9987002857843663,0.0,26.444017853252074,28.012000682000025,0.0,54.241650735295586,15.646487835514328,0.0,16.03041321115047,0.0,17.209321132157804,86.27550633617507,7.050756739216855,10.99064691851762,30.695559428663266,15.042357096990958,36.25709129957469,31.76145931441229,34.89184558748957,11.037587515330806,70.65207307849847,15.811749053000305,0.0,12.168121237972844,63.55545135562327,54.44605185579695,35.06945605837847,28.424396178241274,28.697953380995592,41.18802777559101,30.243580571507955,72.77295894770711,40.66327718947739,32.890183280394304,32.15215489736989,59.37263406003676,39.555148485812495,53.708385058232246,24.72527878685067,59.652612531059404,37.95147087836604,40.85438670279066,34.55041402884066,14.737794692701764,79.73041894379529,93.49080657958984,34.29988273292867,68.3322173115987,30.408357656943377,29.967902664775732,17.66166142193549,35.33114046429367,13.19773245142482,35.50994419475045,28.8195239606164,41.5792561024209,43.9957419758443,41.07233569146757,31.754721148438826,41.84879212632721,33.04266897670648,41.80229273641682,38.964110260163785,34.36502765631815,19.72839323959336,43.74877711524479,64.92596523187548,40.82624461094852,85.03909020318915,61.261671926230505,31.47372924031488,41.58751412142752,33.841390919931385,37.586133010323024,30.0449370084003,93.31255698496432,41.526292915486145,33.1762798152535
2025-W33,Oichili-Dimani,0.0,25.70896780956116,43.33257000019542,82.95138244125138,16.837139864238964,41.10959281810311,40.65156978256857,31.257031412637467,41.77607341444913,0.0,0.0,11.757095677257283,73.11908560017741,31.555442951341714,0.0,51.93852915669299,65.69483649567641,11.359878375492858,47.5913671201816,0.0,26.57972420856665,43.16095226987304,4.369052222698549,7.4525079138216554,44.638895823923306,35.52509751836995,22.250994559554147,44.57859428517837,27.447245849074054,32.185992727910644,29.62218444470922,0.0,0.0,62.52654201334656,8.731053345502644,8.029776884608374,28.58266834837663,7.374611394406045,51.34682865685981,73.08043101993599,46.113769976646196,76.39661634704008,81.5200909568575,53.37827312685333,33.02651359646748,46.6418971538715,32.1941998664541,70.77938282734439,18.97863752233122,42.546079034858415,31.268141124492637,31.624184128259696,41.0018404159807,50.088047984957356,30.354079218306556,33.684552274439966,37.279953345533606,31.517422810155313,35.28284230533352,23.48060472429925,27.900297786977664,31.530210500332082,49.75786346174279,30.749477506085455,29.82481502188635,40.98601502627343,61.48548543672264,32.98901323365468,7.048752784729004,40.37269798365196,31.55322251976045,40.09528523152468,30.067278671510913,7.048752784729004,30.63544597265272,40.63044484394028,31.517042490508747,29.30731154458246,33.22952433126143,41.01815124103601,24.889412983177536,40.441606537175275,39.9747567747475,31.25092999488274,78.64876133928223,49.0932632308464,30.297968951189944,8.420581450042791,30.214455193369837,28.87586404505535,36.44992410208446,49.87465631451669,47.40349696366436,30.1881398691928,31.851947120042386,9.648272860075856,36.40603026901078,15.68994270918173,52.96779716645882,47.167471634983144
2025-W34,Oichili-Dimani,25.746190990732295,50.80815350805156,9.920352407073477,89.83863207252688,45.96892473126709,53.351696681426866,46.7087374971659,40.54332966095007,53.685070259985686,35.49276898270521,5.81898048281294,8.419642250560628,63.55951909300319,51.95905533158762,0.0,84.65948472686688,36.048247664230715,4.230812237977858,67.14096894856637,0.0,37.56479103109239,9.942172324878165,7.069213970467757,59.726768471138584,71.30436026982596,40.29623324048296,14.7790181583661,36.42588579051114,20.95345034898103,44.96879693067943,21.825961102227694,5.652064252451797,21.714480432348378,45.11086038335135,12.975152306862899,0.0,36.51167941334755,21.116239343067775,16.455898488710748,66.36428921339899,56.67525124298491,71.27844203335994,41.75532138837406,41.57569771364173,0.0,39.44273107539951,64.33226615388368,70.11799297247109,55.71346756930455,23.750296275070575,32.05849654597391,39.95905317063782,38.684220278089796,42.464309278409964,37.440857481365455,31.42411813562889,39.4336456027935,19.088248834697445,38.81850961449629,32.01653169688422,39.763316023237614,44.30477043551741,24.55049320960026,36.241214591872314,41.75186689771299,30.136198437288066,38.67723660427237,39.642721116529316,35.6819340565802,44.866894196585285,38.25340661934888,39.37477260322762,28.689920238484675,7.048752784729004,12.847814671431124,49.95483535769212,49.07843647634063,42.552670335084336,31.645998917265523,38.40595228021055,42.39002530071607,39.6687801962318,25.34231002098459,49.44423385167837,29.97476485841745,30.568692908303873,49.77398477303322,37.69958880471234,35.853835623436545,38.61719940106956,81.85587310791016,25.884926832476832,42.03908667409197,35.479210124858525,25.54408845476827,36.58610919969123,38.59431792385618,31.825695431694673,36.322200444907075,39.41455040126814
2025-W35,Oichili-Dimani,51.83819629035206,55.53910366242534,29.5830207208924,114.46394827054719,0.0,25.349863089599758,73.39939650215013,7.635279649310071,61.32558327439311,35.76183945590819,52.671462851727085,23.077202607899792,66.65932945783959,35.147804654218724,12.10589841688261,21.35052924389825,29.6422231452373,6.836491325505094,30.64755617668906,8.910235053402257,15.20241335147265,21.569891320904915,22.735272820369843,61.28492873958069,48.31598279217005,51.09363176810591,41.857894424387254,15.295884730578692,4.364538073643001,14.648651885422655,30.184531333254778,11.918090313217608,0.0,0.0,4.532682911325079,5.598096107481961,8.836104310347082,43.858509232640245,48.00412449799316,56.189504708989645,48.90280036617416,58.2487613226583,15.12831658558816,13.92810856269066,32.96531144355252,39.55387232551246,36.029655160518516,63.56551036028917,11.288075422022978,54.03731307753441,34.15078341954059,35.7498473450974,42.20974962593487,32.60338589154353,32.635362805956454,33.08047818621962,34.10091012696237,24.08272327579841,32.007253745851436,28.286971619666048,32.56482961943669,80.57310945697876,34.19697560480942,32.67328810601665,34.09885246233861,34.826283332421816,32.70623315910798,32.78165717230488,35.58022828616156,15.934335463614975,33.97110744248595,34.0069129659057,36.04315276873519,81.85587310791016,38.34065177355439,33.18393260911998,28.150641180132883,34.24780372139784,42.04859601703587,50.91921314275987,41.360669260922975,29.172784389107917,35.66733741579953,47.42994079230982,35.1271867117651,35.24651257373449,33.104433613117536,34.54070579261884,31.77362728286157,21.090255550078652,41.544697288702494,57.02894337284752,43.81722126751212,32.133723953021,21.915167475332698,31.457612282669942,42.70192800091604,34.5537989626321,75.38273122437624,32.18947698923755
2025-W36,Oichili-Dimani,57.47599370184704,31.17534068618761,46.59505832447162,99.4943470319818,0.0,0.0,59.16083695818344,19.798241998531516,58.137026150198224,22.460727122108253,74.46342584996205,13.648679282803844,35.43635677826833,57.65903324278923,34.622082467108854,20.410046126840122,40.33035761012137,0.0,22.4217901421762,0.0,11.160655100719879,32.56355380055746,49.845603542524415,91.65791652476568,48.232927007154146,35.128424853218384,60.29610362446113,60.78587638469554,18.600629758967614,26.783970221661626,53.57257269661683,23.76274446713537,0.0,44.077916400313015,3.0055532473926547,0.0,21.430101316870502,19.73760217237792,87.4820007827378,34.779563995596924,66.1303932099477,47.951161587555454,21.7450623122968,30.30701513580213,14.667179634943075,5.590197202824967,19.447181027943067,25.17119607084658,0.0,47.43044575035216,35.039022032844215,38.92239661251585,33.852210452319085,73.24073642463502,35.112961885012936,7.048752784729004,7.083273335737779,48.31096399532047,35.52026967334012,37.85283874863431,38.85469944345111,34.315031346841124,39.0187679545772,52.26949736093597,31.156460760298927,37.92299527118419,33.99010743182122,34.02487707032058,34.27904074061989,45.43699396612034,7.048752784729004,34.337715468751576,35.7802200707828,25.285040239251718,38.94730015715877,55.72040283347666,21.633568785371722,30.08777525357099,81.14299387618559,32.53377711325195,19.052638873599527,63.84588594301114,49.92794724227204,35.63159523693784,35.039005030090905,50.528461070933126,35.629405833789946,35.65974568052845,42.67195177153949,35.60516225344522,34.7869177515269,34.17144925599472,34.78317952039164,34.91635804072413,34.10309211382853,34.36041279814346,39.05542208465886,34.29659721580621,7.174822747331194,33.931675719332276
2025-W37,Oichili-Dimani,35.78976977531421,36.87669091675549,58.11285889197628,80.60946350315442,28.163316441883197,2.421122885189533,34.9123021323328,27.137742112783904,60.99097241788394,34.262745923269925,45.823487228760456,43.22946677980251,38.742693475719165,23.17782109475766,16.165937657602196,19.866770290153028,0.0,2.8670942696741406,29.233690699919897,15.934544314110887,23.542732985907012,65.28960204022164,52.015258167727524,35.390926202527645,56.16106044823756,41.70426277864832,33.302241951110005,55.732964058505985,45.63105446000755,53.973554915260735,29.506520602532863,19.17321331414255,6.897042699099877,37.15894667221715,0.0,0.0,29.97673080657571,44.81855991088631,62.269161917791095,24.19015597641763,63.14828337516792,66.34106434557243,33.160063495426705,66.92662024822613,25.76626378264026,13.17575364702871,31.09639846135387,60.55785387671818,0.0,8.725025823194187,34.080978346741745,39.17936362547534,34.789157428987686,34.22972526138131,39.475755932734124,7.048752784729004,32.18421499325927,41.327515720663534,35.37584589271336,38.8378971139698,43.23465753509495,54.56304897099172,15.70269442857194,39.27721088618759,37.68843892210567,33.56428490194888,48.992000409932245,34.65770394716142,47.19128111636002,36.60433531021039,35.10607963179659,31.141791205607245,48.23212158728626,35.512027155316666,7.048752784729004,7.048752784729004,38.903283685012006,31.312550968052594,36.46124134647749,37.43628628775383,34.22594720343219,35.79869942547842,34.10244838779639,58.158365022428455,46.41709306086196,34.26063999770529,35.10913447908299,35.06747527875884,69.48296902546451,34.65267354104679,35.638136008725226,48.860984916802536,31.37446523682541,35.37208177429743,24.517059033523847,36.8823237738992,34.59578168875083,75.77222955477836,34.6632457460237,28.93129063656659
2025-W38,Oichili-Dimani,27.908463842213397,10.918095288084569,78.98390275662962,65.7970144507577,53.311541806109105,0.0,9.790732611602287,30.973169613274905,36.50243174131171,53.13533489068488,59.280598476520616,17.844133619827858,46.28310318521907,14.505435661408463,42.61024876994094,29.63511431972325,16.680706024307824,32.05348694364361,46.401243872641935,0.0,9.00478515353938,77.13808696947389,70.3872472769869,0.0,52.27506590199177,58.247278102464804,26.311821879109225,43.357234704407446,62.86248319262914,21.537494748906944,37.187425348826665,17.622366950395563,0.0,56.79612800761001,0.0,32.89467793833668,69.73274206514401,21.41112883764929,53.020620832393064,7.639626090297565,51.768941445559086,64.35665568262272,20.015021716632234,70.33877177074976,34.64429088727276,0.0,1.4546686202621828,71.20390536337413,46.88255564477969,12.345230083260105,47.23077960348932,46.31290414943849,40.39899562857017,45.32491351435424,33.519639976565855,40.03502109199017,9.981072383753148,32.89938312532261,57.831102252438335,45.290783741655574,33.011942064717644,24.810957000759405,69.88058471691775,24.90205944522515,33.36343875783565,32.816479377544354,7.048752784729004,34.96096147568166,91.23911470401112,35.02097371898689,36.360414989303806,45.31466365374544,39.16021556235326,45.30630887023423,40.32695476661633,39.54378074029204,40.16788264044548,45.75685626326903,41.91858667977521,45.64602461249407,28.68212329313495,40.36173053807185,45.225671023676796,34.85473489428624,49.57447101279158,34.940591363880316,33.18716877365574,49.25257391754903,33.2296149256054,35.24376657173259,35.075557748661225,50.938069330798456,35.57873111882837,40.397801545715154,45.67998131701059,39.787505680261226,65.46254393460399,45.80699926034028,35.18113588320919,71.48073376917004
2025-W39,Oichili-Dimani,75.96689448467558,35.183447308664846,53.311447771117244,67.35999077497043,37.43390827374211,16.706456359964967,42.88809576888311,30.64100487234601,6.036012821774811,42.779689924560195,61.74553154143606,0.0,0.9821584326934669,32.848268649598666,57.1586992509325,43.27763918633808,41.1932007785399,29.860648842120796,20.485487011283244,24.97558375980936,42.8006425083753,88.87526401819555,39.22153943843121,6.895234140739156,7.624250484213974,62.92109016081608,43.514159179179856,38.934549918430456,51.68217196092192,0.0,32.62607940716632,24.504121761468323,0.0,66.38060012933775,22.196351370607527,35.85423573207612,24.640261599664623,9.196118492913335,61.730595982493824,15.928817245436804,33.60580432570909,65.5479410158209,61.041113193404236,74.10951913470205,9.698290952637251,0.0,27.297976058956614,47.12216243693004,28.594131762478604,31.545917851096227,37.3029152611091,6.902173042297363,32.8148089375729,39.07394415891401,29.015927754390006,37.68677553044589,34.44145181377928,37.40345220376844,6.902173042297363,46.38561081669335,34.44261385249446,27.388644418004482,35.476182756029424,36.50775019871352,39.455819457540905,37.30278826171554,11.153520513650905,48.35798061055815,35.49187926370276,18.237519327249224,42.15516605481274,39.97558459981708,39.749053477648836,35.466894851382946,35.21354136031329,37.42346763905265,12.776346955606547,32.97093485561307,91.93343353271484,39.986542200282,35.416153954228086,31.882554669738433,41.13939414081641,32.82172651049568,29.52879517079567,28.803586919397596,40.71493270358019,39.58757413975355,16.93452652445099,24.443879328035646,39.36918141978703,37.49199042176226,40.114537240672846,30.975370827711433,40.66915874455544,62.91195254064461,38.330464737032145,31.601340914591443,40.07983109893269,34.37574503060109
2025-W40,Oichili-Dimani,21.621370635511376,30.766045046514797,39.54936900162142,61.48426946863255,65.4316862904757,27.060119622008415,81.78260505732752,35.13333265109343,4.724252884870598,23.897686200738768,46.46321299547282,8.865970979016772,30.358965623866922,52.917412686589614,85.93691698747891,21.67284018414383,29.83913270527215,0.0,21.82095502180171,13.517846817936498,85.74198474881948,52.03739282985069,19.31332533337686,0.0,11.742594574899634,54.001148399206,26.639322557506567,2.543730935502161,107.77010191106652,33.29685727317424,6.904830220014144,25.876973178387686,0.0,69.0737731015253,0.0,30.641006073942883,50.09909644665839,0.0,19.39498476227763,53.36001964542443,45.36608236646961,36.54072697421303,52.86173064720754,49.09805249445493,65.86210501997374,34.20422594541698,0.0,38.972848745237734,44.19708449360957,11.576402495121233,12.518809563284178,33.40531332898015,51.90585907182324,34.65278205595996,44.322719646422385,35.45268458890093,35.589600082152124,7.048752784729004,36.51432972755049,23.500194855274668,34.9868841644915,32.88163115566087,34.57810212626293,35.92041292033083,7.048752784729004,33.17517029851757,91.93343353271484,14.34564460002741,33.55523526634738,33.57306249618132,34.496913875029115,36.94302088583717,32.84738781525422,34.70796112688235,36.60425775524342,33.58097916829968,72.21501189039796,91.93343353271484,24.931086684513048,33.793609029987955,32.72289520616947,32.64228100861082,35.17294760859591,36.119484909695515,34.693405659224084,33.01852109403259,33.097527396139085,91.93343353271484,58.13311140154514,17.99230579144396,36.73970429023342,34.70653501022721,36.97087544122129,36.256328931601416,47.656929226033085,16.394827763344328,33.90786732925685,91.93343353271484,32.502226009982934,25.855260741185603
2025-W41,Oichili-Dimani,50.422557998012834,42.302270078996195,44.55325160896059,21.844281506690088,7.359287749834937,67.36168047022052,62.94567717235101,1.5670650840911762,22.679940109047457,28.488989387523375,20.23331190854072,0.0,0.0,32.96043297709312,48.130709026146754,70.63687253305358,49.58030614574717,0.0,25.005783760240313,0.0,93.33946265480327,30.54315364702655,17.511906542288322,0.0,18.97412513759595,75.65355237340671,17.704129182438564,22.871705022453146,39.42714313129612,27.537077277669333,5.51035311577726,40.61827237084759,2.3122896003827975,27.421772589461636,21.531808818437675,51.92595983694234,74.25815765739088,36.55336036157472,36.709342450207224,60.46378242210245,25.20498733302754,28.922244924728652,42.691247913639145,78.48277951203902,67.63804467763501,27.04771887482076,24.199949822093302,72.96617451310924,37.79632764399709,0.0,43.021870907251724,43.36396304467236,41.77929551974173,43.35785381765012,42.44559285058489,27.349222984687295,40.827612045562205,43.36161072226863,47.91578489878811,34.46291853368393,26.21739002597483,43.37655544113125,34.93649180998124,8.609401486302431,44.285520885713325,39.564883745204774,37.21522896895899,7.048752784729004,9.374687354066982,43.41628585520394,39.25089800540945,29.044332130602847,37.35662401800998,30.641807444252272,24.242878256439816,35.8687621241166,40.18562828823487,33.09788708758028,37.294822781808236,39.01802573927627,37.76354694575865,26.37984326877085,10.171554400306222,9.4042545811301,37.321935073402166,42.87583076717441,26.736428244849723,43.396845274563034,42.83091600675179,7.048752784729004,7.442406617429436,32.756606240419856,14.057766620081964,40.0320533683323,10.343086866681723,43.45081344805151,39.31529502261974,43.0072576083309,43.21718365725227,39.57912450839952
2025-W42,Oichili-Dimani,50.75849086717475,86.92050360950589,42.985804487538864,71.65484937754852,46.857646355420314,31.52591638195355,51.725182713472,0.0,17.68265553407293,22.89421164276316,25.145556391507505,0.0,35.296837374329634,23.17652157443309,50.565496592609236,91.96188600229968,24.579535827735036,0.0,16.241758799992688,39.32442702142787,55.63216524356515,0.0,11.375355044265767,3.9711654876184,33.71318304361873,48.79565224211667,33.55076353403422,14.251785520463716,52.156278284087875,92.62177394221808,22.43914833154506,42.14761061684843,6.736105297431944,55.45587974862317,44.84161463684071,50.131809354260014,41.86512964243865,59.547672840510145,51.075487385473345,16.66644493905804,12.262478963089293,38.04383554629747,46.350400179045266,88.22458611169779,61.8929354565538,50.822263429343714,9.356122030027048,49.076951375679684,19.346068208165413,58.41740521933933,56.494887466790466,91.89491271972656,35.68924293150876,26.329677610503524,35.73396553798311,33.01109524406655,37.45244157695844,35.90235696483579,36.482595417814366,39.906923921282676,34.4542509763142,37.59292625106398,35.330103635860944,40.667740467769256,38.16879724962325,7.048752784729004,38.33106377725002,30.852114279407783,39.17918114379789,37.75673862631278,35.972591467527344,38.79113222366665,48.9246612426137,40.30762623501608,37.663363108120464,39.15666915926603,35.996197161081454,40.90321122268884,44.507904125648025,27.809631039460662,33.545800709138234,34.44828414711365,30.511237725779633,35.955601596959156,32.207987287171676,37.89307386296271,23.03318484531232,34.44818117753449,38.40503843736829,35.9670136279711,36.01202870182986,41.418673088862505,91.89491271972656,37.74708239590541,18.7286637939732,23.278977775086645,86.39925642015479,38.59052969355627,39.672026572996494,38.54358085390362
2025-W43,Oichili-Dimani,60.256046374503754,87.85901307439197,44.38293030253528,75.44926963355455,5.286712308906523,19.47885355727607,21.380566180652693,0.0,23.542185299914365,35.71780310318664,5.393958960479608,0.0,45.35092068828026,13.082113674288472,43.86887903079063,97.58441886537832,18.589582545255492,37.41224527758199,21.243272591463487,58.966842858927514,12.681383100487977,32.98086090487522,40.01493660902821,55.679983051462,30.52281718179709,22.944771772491322,31.802703545177536,9.419801759455954,79.71406413674717,44.52188723369391,102.39015533768651,15.975122486193623,20.747247603260043,43.541702351968475,85.17340592903518,67.59838910106427,21.473202657587375,41.88968976668001,44.83083274228706,46.420194309997434,27.243531413557847,10.133304919707676,81.429588456197,66.17863365041232,63.656326325055076,38.707032811037195,53.421354318036016,61.88091194779632,43.61312010092837,44.985402640811124,30.031826304055667,33.07746968488073,39.03833772813492,49.13028520254459,31.88954384762948,33.69207270012151,28.98145328128469,77.73684777913505,31.90660279706025,36.006178599942615,31.882404690489505,34.03629576872304,35.74212929311938,32.4172254179855,40.54604759313526,51.33816249875997,47.72191777959292,32.44759473733771,36.39545750212485,33.395976602410265,33.63496303806522,33.26352125863448,33.765730210912146,27.31374544465285,32.7775559795054,29.941051527797658,31.990131524847527,26.301980354394495,31.433912418386274,38.10110368152854,33.3918754136204,7.048752784729004,38.48381699035371,54.561524552271905,50.764165593191706,41.374415417616945,91.89491271972656,33.528291546487424,81.3864017915879,69.75102434814053,32.22259742679059,48.79004154766775,38.71292532453655,37.76401765021708,52.61932850416889,32.671926975063364,32.73989081230975,34.975364520227856,36.1111298214436,50.68376583891873
2025-W44,Oichili-Dimani,40.47485987401207,58.02113179748724,35.60108542276924,18.236853858770722,17.17749413545002,44.02092789164902,67.09231991742175,1.4188344932463224,66.88970482382408,0.0,21.071187029733608,0.0,83.96679149766902,30.825306956007985,0.0,71.23598841421907,0.0,48.14973151143499,0.0,24.824618139132063,52.86111578285336,17.473720731176215,22.26308148090348,92.07780261683544,43.940270021081375,10.066842985828494,47.364502591732176,34.16217334706212,72.93052953700271,75.1995139831298,37.459960382638805,54.71824058472286,46.176589604989026,37.5027188032959,25.904495753576512,31.035100036120404,49.88487811844379,48.18009733000287,36.11538055259179,29.04525003191553,0.0,17.139867932306537,33.25207767274892,41.99749144643285,68.48148604889393,22.565441076755505,33.291250488512276,48.676734714764166,45.00652314870348,43.51736422794245,53.796113525255414,48.30905877830648,79.86228735656479,32.416988135265825,75.50772879081691,15.897010403614267,44.1295952538233,20.720675435744184,44.943278428356585,38.26427107868558,19.133588881637742,46.595033063294444,48.86366839051869,31.99118600138047,46.97450273814212,32.45713513740625,28.14801992747181,29.420760682290133,45.84274414363984,50.23751321696802,45.82458072333485,50.36393754390624,45.77955092890216,50.31417057530593,91.89491271972656,38.28799085059057,29.667903335330266,27.856433174022627,45.829435031041974,43.56964985694317,32.888626439673686,54.446707612474086,79.76632433148356,35.54372018295991,33.41022671590325,33.57234151275958,38.18926411644245,51.65521840526311,45.81682331489551,16.535857064230974,41.26337762396738,20.745574558854837,38.713623799500574,38.63845531146128,46.599761604220284,43.72417559811731,53.68276873939487,6.902173042297363,50.15157098274024,6.902173042297363
2025-W45,Oichili-Dimani,48.15062164868678,63.258997642732965,38.199242543545004,23.719325569185383,0.0,0.0,63.01589282037917,1.4984438065607932,47.14331420611035,8.99943786096015,49.85226815198166,26.22543038255816,71.36293410098891,40.70070861912961,6.3756376399064365,72.86026789354595,6.787196101600074,60.03375303482119,0.0,33.24890839636717,104.04917937347048,26.75689017734551,47.72787264873344,75.46590575820161,45.524250177231224,24.187174092894324,23.534113312267095,28.75641557388884,74.2727254372248,77.98627929546097,61.822527208134,7.332046263136682,15.810943569251492,41.43787509521956,3.005471932251183,70.32066003391178,53.40864327813786,70.94291220598492,54.41685860790949,39.64793409819563,27.396547082238712,27.816382907296592,28.969056632011196,49.92743197775748,62.24829144514872,21.91235104656426,19.878241781842632,88.83966808719435,38.20129960995767,37.22570748983737,31.717241203837403,51.983603883399574,42.83988318888304,29.335605274586666,33.19238436423933,43.14731856169372,60.03226089236271,39.739522022165445,7.048752784729004,33.19557951412971,28.32579845092024,12.179135509782395,37.302304700302535,43.56222899605429,9.539797676537518,43.97325294955063,43.002410994894944,43.39191737562106,31.039081126130117,32.547846370549905,24.66443989319062,30.90625143041058,31.71672255150326,31.722477941670135,29.497047230147935,30.019320484703822,54.3196520038008,43.992428823588995,31.76920886271146,68.74764090092509,30.906974182774153,32.83480107587236,45.85944102622469,33.1626139194124,30.809187703803573,32.10337109519092,33.232536901367034,38.176779682195786,32.80846082419437,33.1501339538175,31.45342851296126,35.00211773819079,30.489803800162935,50.739054539855296,43.36036300544053,32.909844027465674,43.35941208020078,7.048752784729004,31.769368863664997,33.15982827155786
2025-W46,Oichili-Dimani,13.809223960099931,81.71488549936606,53.31916668823322,25.52547874082564,33.53265368381381,0.0,40.27603999048099,23.752834138022138,69.46805984902477,33.74445869265489,0.0,28.386970622125574,67.19233921151307,51.05652312099783,43.84926222998401,58.714065863884464,14.936142204625089,42.62857804262811,0.0,7.230733325560607,79.29956743517462,35.73084032647816,63.66373228981155,47.44402341803913,29.931144352131977,78.7819143900868,30.97553793127547,0.0,77.88627193559356,105.04984202690085,40.987195077631554,0.0,30.586747188014296,19.634618173114468,30.00960662178258,62.9814693037662,21.876485490491177,78.82392855946668,64.59615656407979,65.73899409348711,71.08374906315508,0.0,41.5772529105407,61.32713603374513,50.60377956926091,32.60120223316444,22.248933139722027,77.51183466251848,22.81504475257148,38.193270130357774,54.7679113178733,69.74647839817874,91.51178187020984,52.714274275925725,45.69718725275882,61.89635091016555,38.992835680103184,28.247488413063184,90.95409843797083,74.57688774134054,89.61496228299939,33.20357680184792,7.034117221832275,53.82511637145412,79.37138968356712,27.764236491951237,24.387088132051428,17.65873539816216,72.29770552734188,74.29377040890897,63.62909032146177,14.215703247530346,66.42700574874907,54.15419048484787,29.82117740169243,41.07694245623527,55.702067856333855,43.12693612809069,94.56835664739775,54.91147401965314,50.84129776238583,63.51794657488358,63.166750850575646,7.034117221832275,62.03133579007127,34.85569595542446,51.577236604811915,64.56746012074754,59.30069510931073,50.006959098487535,30.621998128326606,55.91768180710954,42.75206585663059,78.45793791915783,57.353225099334,76.72118679865875,53.08918712276825,75.13578294716613,15.03942670071104,41.52659534133512
2025-W47,Oichili-Dimani,29.870814152298962,92.80008585043963,40.069978669392086,33.200749129878865,22.200223729748025,8.724993955793778,56.883824994769185,0.0,38.09610466260031,11.93589635636415,36.14556261860679,41.12190808864588,49.135626874507,58.30299990191492,52.71019784240926,51.24124235901985,0.0,35.7674853342706,0.0,18.764241314927826,63.85965904277306,35.59095554389129,60.69831218820297,52.47042545107837,20.943715406994183,82.86799129703294,67.72048410169333,22.794720816178014,107.46081056017927,146.47086953833332,77.62864394662404,8.24124771378402,0.0,29.995043911047745,60.21788035412675,60.14787844247221,24.230624761679408,21.720451683169784,50.70080739431386,41.84447107185481,72.35981927230678,3.8003177560215278,33.49953011048883,35.97308239927662,20.917255091939513,15.642482534204248,27.981170198149606,50.54216101550981,29.554797188872914,0.0,17.08085085643534,9.918454888873757,83.87448860231827,66.5322491997511,63.23258770334878,59.40290041501882,60.42128162834119,63.92497682147502,73.65255904644904,61.65649989883451,67.93679607385388,39.810594005379926,96.91886901855469,9.960673431232781,51.10766866285239,79.7843897097727,32.985500968992824,28.4094268565183,49.21807987348459,52.4651180812231,86.07810216264949,75.2642307191568,54.99350919972214,96.3799956547942,64.10791128009986,79.42037171282921,36.21209199606661,56.996812435671536,9.588098993636516,8.781898498535156,66.24256987739523,23.20460679554431,59.922612542756085,65.99706889672827,10.018333350953757,53.88874933697593,65.66016523823909,80.11763261494116,43.135928424759356,96.71036910832426,76.68706219929925,64.5339739389081,51.23998299452394,66.386125353226,71.95658002682391,43.74555143104854,96.91886901855469,82.32125254931674,56.71794357443886,66.68351936187575
2025-W48,Oichili-Dimani,57.31084948870089,37.79678850290738,16.857486656855766,28.957706519290735,0.02413791708663382,19.465680031323505,30.109291100340492,27.260157369696884,33.14652543519434,15.116448752901995,74.24380273177941,37.35730482931736,69.0570074199045,26.43890236978327,65.03650216489166,22.121174377641605,0.0,101.66246677836097,0.0,15.765463356737229,68.18528785341857,39.36747138904115,18.925160024020276,42.705346748387065,30.74735907819516,65.06310694581116,56.445022927189385,28.616981790276576,93.54919289863378,105.69701957321185,42.8180097718531,20.58603826505117,0.0,31.969113476353435,58.381693862792844,69.07620610508378,28.7581665320657,12.93432517199819,75.79061286728123,66.32848582894296,91.44722921417903,0.0,44.31658524311831,27.235587386232226,18.86230038862212,9.013203662914073,11.343420614668176,44.08160063228509,47.250332309153734,3.811338905239495,61.22912654735852,64.26605926271266,64.93226681410529,8.761326789855957,19.712849188114244,46.17596364304447,66.6952030754483,55.60320988564922,66.36377102830257,58.94124875087352,43.126305826803836,66.59868280849231,61.72650128173313,49.82447109634926,13.32274023571941,23.116389357529155,25.498322695152382,50.641278428360486,61.79996283815484,45.52775497899601,18.171932923565375,38.98669471407248,56.75342782249653,91.89491271972656,55.01896769432548,20.852689569988655,61.798661599839456,66.70672991108405,64.50761102450846,65.13795007520045,66.75560152072086,61.96178253281756,91.89491271972656,10.707823267434375,65.10724863441108,65.60301762660411,66.69000835516687,59.631473821940546,64.51450683129443,34.276505564058304,61.79975425151304,49.47929030379011,61.79940898823861,62.45545600400978,47.30654941041826,36.161019701964825,45.84420811131534,62.255949643933675,62.47804420325036,64.04866854814694
2025-W49,Oichili-Dimani,37.48949408407546,105.21783510254993,30.08858492133438,48.33678386099268,3.590705625837451,4.5269237421011965,39.030276225095214,46.63308373840424,53.58776299600024,53.78209614870829,76.13770541535965,59.857767018838594,45.442012358840294,44.93988946793145,19.30902261979525,15.055293230700237,0.0,65.2533522504918,9.813801059570423,0.0,57.1826587114213,24.833782244421048,18.49865463152269,30.640534030857737,29.64425572883598,33.560878174653375,62.960415102091424,45.28052889872884,49.689022731126414,94.21397473841559,64.60766378605197,38.043444036840285,24.170216794112537,66.41476676062871,66.17556360377415,69.25662882607143,4.6454356201298665,19.006440582054903,62.37873980202288,30.1835838476907,34.020832029341456,0.0,25.053383375884202,20.02560247086021,0.0,0.0,5.15362996434407,44.969295794982266,58.03030320134852,0.0,22.198595698843423,73.79482464537351,63.347670158285396,7.366998790692955,45.733280001465495,53.30706255214844,48.03169474984944,20.94434397210389,31.263004937186338,6.261367321014404,17.74622960666576,35.831379774536565,73.99592329056343,58.14569990174285,52.17490917863777,60.7571861361668,58.40813099567116,22.883135320244833,32.743607772350636,32.73381891947918,59.62844689046528,52.63426478181409,49.8532083025955,58.80547576989411,95.97244017398567,42.11345834684068,58.04029765309198,55.11358551765895,64.90193487961268,65.3249038069849,65.28710638810976,30.698300446214684,52.38007550985092,73.20604549826876,49.43596680916889,96.91886901855469,48.3115574379798,57.40128133795923,54.340595826559245,52.25136852842304,77.54778537752554,25.83830288742707,59.09505540686309,59.835968178116524,78.32151265301012,59.73135198006283,94.01621686119722,80.3815361135955,47.23440993326413,79.33087422210357
2025-W50,Oichili-Dimani,48.990868673117554,58.400861820826634,49.31116431113974,26.029543927584868,0.0,9.897938000465107,54.86903212693632,34.77265310383201,30.5107757559776,0.0,74.41498437359161,8.101406069630869,36.25258639984399,62.03379653374667,28.05945532420555,16.699928447271102,0.0,63.50191282512497,15.901301068395284,11.94916992430187,29.41407966270134,54.69004582348896,21.741137087672794,37.19906913627591,22.12374447788811,58.30125132471569,34.92870388995592,34.25018828256188,31.43149920489411,87.76056829264142,59.73677019299859,53.88049209675895,36.165431878012704,93.6443118722711,21.575941172838533,53.16971772756713,12.962952635720008,0.0,56.54161762877081,37.554315554050646,26.30851757805341,0.0,24.684788474601593,0.0,0.7733490701631709,29.260059225594496,0.0,47.82916116259472,45.267303948364955,0.0,79.76315071690327,33.843761784368866,45.54497239014351,35.3731089058993,46.420566256911584,11.951498848764725,51.221101508606864,41.877915541313264,45.411862415818504,7.072628082189267,47.87338840966348,43.9249848417079,45.76885290800807,37.64067465143213,23.555689617955696,41.908158744957454,69.0833778999181,30.93300196032733,47.230041559512344,9.671070826190867,49.772248553187154,31.986619632548134,41.91867223016824,40.70502739538123,14.6151033554198,40.07269499326798,40.20226382514891,44.63940835942591,89.98256617587509,42.46437984211494,60.848538469630924,41.9886502787214,13.13955812805447,31.166517723713486,41.62659273245345,38.50646025985399,55.165357468790454,47.32215308478553,45.357208369026054,43.6572109829557,41.417253811233316,45.55650176090041,17.8928717364619,26.222976095107818,36.52045668905769,27.603686747619683,47.2713848000774,6.979183673858643,25.84702252662304,59.76319966006527
2025-W51,Oichili-Dimani,32.04105035262053,80.44023856194559,49.05477144188691,0.0,0.0,7.913616001982618,53.2992571694683,43.03542708017771,58.453301764061926,18.90116758377622,49.41990506688578,27.872599281697976,53.92624909674198,49.38963197681389,27.992195739325545,54.77745282439253,12.567014992187687,39.78786386301702,0.0,0.0,48.601435814000595,54.91327780461354,16.30953618174341,70.30253105168826,44.6829428995486,78.72546827345586,17.603942563672113,43.6199647326645,48.61673085898856,72.61032926892472,60.01601360988223,45.93148263052825,86.19983540600833,73.46917153568207,38.631929463782036,35.5120492019166,20.601735022399737,34.658703787579604,79.13224018076522,34.74199234430987,61.83783901970165,0.0,60.71507292291014,1.9793653113555223,0.0,37.19934998847767,0.0,57.105636149099716,61.002532964051184,29.92106277855518,92.46249389648438,40.82637201563523,40.942688829502536,51.54516437530945,8.197314085325647,38.88112144770436,19.279110665023538,38.30783119697963,92.46249389648438,50.86695329333714,92.46249389648438,50.60670174413344,47.25237523379968,50.88711391340513,47.84652777182999,40.474645638793774,32.40594176571045,42.335172820538574,27.793925269005605,40.81270435714882,21.18640523445221,45.00047021452026,27.315235915558397,32.56378950392667,40.997382536893696,22.7209312662358,82.41579097266542,39.79923155512527,36.63029492017754,7.075504533997817,56.20376639969296,47.8107877496532,38.53186058794818,27.32426298274189,50.57543558529042,68.957705377461,38.00188149790113,20.765692709968693,20.19444633154763,6.402287006378174,50.53487849005424,92.46249389648438,92.46249389648438,52.32766873914609,22.688868470558276,92.46249389648438,35.316435970029815,35.653268643193776,48.537502575392665,10.260246930257342
2025-W52,Oichili-Dimani,57.75177614669443,33.57655082817777,32.99478185232943,6.818950803734374,8.670324063703937,0.2619445237949378,92.07031381207909,22.681422911700423,28.047694497606283,0.0,74.45947364368291,32.522422469128806,56.34548015354218,47.61251413678535,35.51908725867857,30.80019663389789,0.0,34.11774444480795,2.326503842532091,23.23968166230039,38.504523846035305,55.01735038594374,18.18364796631239,73.0140009278604,46.61316941479314,81.3874986973839,44.67760389511336,81.7234700842764,60.20593634938571,75.08315022125332,48.82403460937604,36.59478672074656,51.300182606008995,61.82792818964828,32.782140747488825,40.45382804191721,19.14862290278542,8.194652941205575,44.05429308274546,28.73378419039819,52.71054573641001,66.4265279639312,59.81095909055624,0.0,0.0,39.09254722343516,7.952170595315067,65.23435629251603,56.71402156943648,0.0,58.61451386014045,92.55545043945312,57.521431593799164,57.6527023476901,42.5735498799808,14.813531046129178,57.724011640846406,50.18282090784183,61.77467234024803,17.355111061890955,35.88298038247353,40.548188226013835,54.06291569956127,57.69207592120622,81.84676753426606,35.27532534034194,47.79748818296163,7.190170499615373,32.910179453444506,41.82516956849482,49.974938125718175,45.494549015004715,40.91355439779373,51.790123087021,58.844237410447086,32.27085597935407,38.84709615343191,54.604890502510855,57.62846385885658,58.584416919846525,30.98668922992989,48.46058877370645,61.610478867486066,42.58349785099713,43.14352322618309,92.55545043945312,16.962295327442533,54.626198010426634,60.58523277209347,22.787960669492445,54.90422682856821,45.38266324318887,60.80372100384359,61.7414665500308,61.2643831033046,14.738086336184768,56.603537074481686,61.989233161533875,51.65273550830668,50.413408698242094
